"description","total_orders","units_sold","total_revenue"
"REGENCY CAKESTAND 3 TIER",3918,27577,344563.25
"WHITE HANGING HEART T-LIGHT HOLDER",5455,96683,266923.55
"PAPER CRAFT , LITTLE BIRDIE",1,80995,168469.60
"JUMBO BAG RED RETROSPOT",3269,79279,150935.56
"PARTY BUNTING",2674,28378,149187.05
"ASSORTED COLOUR BIRD ORNAMENT",2807,81809,132187.92
"PAPER CHAIN KIT 50'S CHRISTMAS ",2018,36581,123141.54
"CHILLI LIGHTS",1135,16840,85489.91
"MEDIUM CERAMIC TOP STORAGE JAR",247,78033,81700.92
"ROTATING SILVER ANGELS T-LIGHT HLDR",756,32525,74448.92
"JUMBO BAG STRAWBERRY",1855,37337,69565.89
"BLACK RECORD COVER FRAME",634,19954,69329.47
"RABBIT NIGHT LIGHT",994,30788,66964.99
"HOT WATER BOTTLE TEA AND SYMPATHY",1583,12462,63517.75
"WOOD BLACK BOARD ANT WHITE FINISH",1176,11054,62842.02
"JUMBO STORAGE BAG SUKI",2329,29503,62285.28
"PAPER CHAIN KIT VINTAGE CHRISTMAS",1427,19597,61721.99
"CHOCOLATE HOT WATER BOTTLE",1721,11556,60763.12
"EDWARDIAN PARASOL NATURAL",1149,11550,60687.03
"VINTAGE UNION JACK BUNTING",1292,6945,60668.54
"JUMBO  BAG BAROQUE BLACK WHITE",1878,31266,60377.49
"JUMBO SHOPPER VINTAGE RED PAISLEY",2192,27732,58275.45
"HEART OF WICKER LARGE",1952,18551,55898.87
"CREAM HEART CARD HOLDER",1299,18363,54598.73
"VICTORIAN GLASS HANGING T-LIGHT",1816,40748,53330.49
"SCOTTIE DOG HOT WATER BOTTLE",1689,10218,52192.31
"VINTAGE UNION JACK MEMOBOARD",530,7200,52122.73
"RED HANGING HEART T-LIGHT HOLDER",1760,17999,51556.97
"HEART OF WICKER SMALL",2151,29037,51127.76
"JUMBO BAG PINK POLKADOT",1443,25627,50847.80
"JUMBO BAG PINK VINTAGE PAISLEY",1619,25954,50334.10
"RED RETROSPOT CAKE STAND",1187,4772,50016.44
"EDWARDIAN PARASOL BLACK",944,9772,49685.41
"RED TOADSTOOL LED NIGHT LIGHT",1537,29715,49539.69
"NATURAL SLATE HEART CHALKBOARD ",2046,15771,48671.05
"STRAWBERRY CERAMIC TRINKET BOX",2310,37610,48626.76
"WOODEN FRAME ANTIQUE WHITE ",2059,16069,48342.45
"HOME BUILDING BLOCK WORD",2066,7847,48079.69
"RED WOOLLY HOTTIE WHITE HEART.",1145,11830,47737.38
"PLEASE ONE PERSON METAL SIGN",1632,23248,47133.55
"LUNCH BAG  BLACK SKULL.",2351,27126,46422.49
"BAKING SET 9 PIECE RETROSPOT ",1914,9383,45966.16
"ROUND SNACK BOXES SET OF4 WOODLAND ",1388,15624,44851.98
"RED  HARMONICA IN BOX ",1025,38191,44808.80
"SMALL POPCORN HOLDER",1407,49948,44090.13
"SET/4 WHITE RETRO STORAGE CUBES ",328,1129,43921.51
"GIN + TONIC DIET METAL SIGN",1609,20407,43153.93
"COLOUR GLASS. STAR T-LIGHT HOLDER",757,14714,42961.62
"DOORMAT UNION FLAG",991,6395,42949.37
"CHARLOTTE BAG SUKI DESIGN",1403,28283,42834.30
"LUNCH BAG CARS BLUE",2067,24892,42784.74
"SPOTTY BUNTING",1140,8327,42548.13
"WOODEN PICTURE FRAME WHITE FINISH",2006,17198,42546.58
"LUNCH BAG RED RETROSPOT",1837,22799,42135.88
"JUMBO BAG OWLS",1314,21199,41390.09
"ROUND SNACK BOXES SET OF 4 FRUITS ",1154,14552,40260.46
"JAM MAKING SET WITH JARS",1159,9302,39694.56
"PICNIC BASKET WICKER 60 PIECES",2,61,39619.50
"CREAM SWEETHEART MINI CHEST",929,3148,39428.65
"DOORMAT HEARTS",1033,6139,39274.93
"LUNCH BAG WOODLAND",1926,22341,38949.73
"SPACEBOY LUNCH BOX ",1368,21223,38750.20
"ROSES REGENCY TEACUP AND SAUCER ",1410,13129,38568.19
"COOK WITH WINE METAL SIGN ",1425,20128,38560.16
"DOORMAT KEEP CALM AND COME IN",728,5491,38166.64
"SET OF 3 CAKE TINS PANTRY DESIGN ",1385,7493,38158.39
"JUMBO BAG WOODLAND ANIMALS",1415,17957,38029.89
"ALARM CLOCK BAKELIKE RED ",1363,9595,37970.11
"DOORMAT RED RETROSPOT",900,5227,36626.81
"LOVE BUILDING BLOCK WORD",1696,5774,35641.99
"RECYCLING BAG RETROSPOT ",1570,16075,35408.96
"WHITE SKULL HOT WATER BOTTLE ",930,6872,34617.93
"DOORMAT FANCY FONT HOME SWEET HOME",713,5209,34608.01
"DOORMAT FAIRY CAKE",597,5131,34542.07
"RECIPE BOX PANTRY YELLOW DESIGN",1657,10951,34489.05
"POPCORN HOLDER",803,36761,34298.87
"DOORMAT NEW ENGLAND",818,5399,34041.03
"DOLLY GIRL LUNCH BOX",1333,18363,33980.00
"ALARM CLOCK BAKELIKE GREEN",1273,7954,33737.59
"HAND WARMER OWL DESIGN",1212,15557,33575.51
"LUNCH BAG SPACEBOY DESIGN ",2108,19814,33413.79
"BLACK HEART CARD HOLDER",566,12484,33201.00
"ASSORTED COLOURS SILK FAN",991,44365,33041.55
"WOOD S/3 CABINET ANT WHITE FINISH",1072,4157,32852.96
"JUMBO BAG SPACEBOY DESIGN",1248,17227,32749.37
"6 RIBBONS RUSTIC CHARM",1751,17569,32213.59
"BOX OF VINTAGE ALPHABET BLOCKS",571,3242,32163.94
"HAND OVER THE CHOCOLATE   SIGN ",1460,16645,32064.76
"KNITTED UNION FLAG HOT WATER BOTTLE",1009,7343,32054.49
"ANTIQUE SILVER TEA GLASS ETCHED",1080,23376,31918.10
"RETROSPOT TEA SET CERAMIC 11 PC ",1321,6225,31853.87
"LUNCH BOX I LOVE LONDON",1074,16868,31201.07
"SET OF 3 REGENCY CAKE TINS",873,6357,31177.95
"GREEN REGENCY TEACUP AND SAUCER",1340,9938,31062.42
"PICNIC BASKET WICKER LARGE",762,2643,30828.29
"SET 7 BABUSHKA NESTING BOXES",692,3781,30804.75
"EDWARDIAN PARASOL RED",715,6259,30667.32
"3 HEARTS HANGING DECORATION RUSTIC",718,9443,30498.18
"JUMBO BAG APPLES",978,14920,30475.65
"HAND WARMER SCOTTY DOG DESIGN",1083,13772,30426.54
"WOOD 2 DRAWER CABINET WHITE FINISH",1123,5103,30213.89
"LUNCH BAG RED SPOTTY",1219,18143,30156.97
"JUMBO BAG SCANDINAVIAN PAISLEY",880,16366,29849.79
"PINK HAPPY BIRTHDAY BUNTING",882,5791,29727.93
"HAND WARMER BIRD DESIGN",1054,13453,29541.02
"SET/5 RED SPOTTY LID GLASS BOWLS",883,10718,29503.92
"GUMBALL COAT RACK",1095,12298,29139.10
"PINK BLUE FELT CRAFT TRINKET BOX",1148,22629,29027.46
"PACK OF 72 RETROSPOT CAKE CASES",1708,49805,28927.92
"HOT WATER BOTTLE KEEP CALM",782,5841,28842.55
"HANGING HEART JAR T-LIGHT HOLDER",1425,21903,28734.82
"HOT WATER BOTTLE I AM SO POORLY",1011,5566,28659.98
"HOT BATHS METAL SIGN",1176,13090,28496.81
"PACK OF 60 PINK PAISLEY CAKE CASES",1993,56794,28490.98
"WOODLAND CHARLOTTE BAG",1573,24945,28287.32
"MINI PAINT SET VINTAGE ",714,44405,28284.79
"JAM MAKING SET PRINTED",1200,18086,28242.89
"IVORY KITCHEN SCALES",1219,3258,28227.77
"JUMBO STORAGE BAG SKULLS",1321,13657,27923.57
"GRAND CHOCOLATECANDLE",920,20178,27915.13
"JUMBO BAG ALPHABET",906,13379,27890.17
"TEA TIME PARTY BUNTING",874,6055,27791.51
"60 TEATIME FAIRY CAKE CASES",2127,54716,27404.22
"SET OF 6 RIBBONS VINTAGE CHRISTMAS",756,9828,27061.58
"FAWN BLUE HOT WATER BOTTLE",1050,8557,26988.98
"RETROSPOT HEART HOT WATER BOTTLE",930,5460,26979.04
"FELTCRAFT 6 FLOWER FRIENDS",1382,12922,26855.26
"MEMO BOARD RETROSPOT  DESIGN",900,5694,26626.56
"PLASTERS IN TIN SPACEBOY",1299,15779,26485.10
"JUMBO BAG PINK WITH WHITE SPOTS",802,14213,26264.11
"JUMBO BAG TOYS ",1052,12838,26186.90
"FAIRY CAKE FLANNEL ASSORTED COLOUR",613,13105,25887.35
"PAPER BUNTING RETROSPOT",920,8512,25807.36
"PAPER BUNTING WHITE LACE",847,8532,25563.17
"PAPER CHAIN KIT EMPIRE",811,8879,25480.38
"COLOUR GLASS T-LIGHT HOLDER HANGING",1259,40839,25475.05
"TEA TIME CAKE STAND IN GIFT BOX",522,2469,25471.33
"RED RETROSPOT CHARLOTTE BAG",1255,20916,25332.74
"SMALL GLASS HEART TRINKET POT",1066,11658,25276.95
"WORLD WAR 2 GLIDERS ASSTD DESIGNS",1019,110138,25259.90
"PINK CREAM FELT CRAFT TRINKET BOX ",1397,20761,25151.84
"JUMBO BAG RED WHITE SPOTTY ",534,14071,25065.07
"PAPER BUNTING RETRO SPOTS",783,8296,24945.74
"REGENCY TEAPOT ROSES ",416,2770,24918.93
"ALARM CLOCK BAKELIKE PINK",969,6374,24907.27
"HANGING JAM JAR T-LIGHT HOLDER",925,30764,24894.46
"DOOR MAT UNION FLAG",673,3780,24808.26
"ZINC METAL HEART DECORATION",1408,20251,24805.67
"SWEETHEART CERAMIC TRINKET BOX",1482,19767,24618.13
"BLUE HAPPY BIRTHDAY BUNTING",690,4830,24570.25
"JUMBO BAG VINTAGE DOILY ",711,11464,24522.36
"LUNCH BAG SUKI  DESIGN ",1279,14719,24520.35
"SET OF 6 SPICE TINS PANTRY DESIGN",835,5984,24507.36
"3 HOOK PHOTO SHELF ANTIQUE WHITE",661,3202,24249.96
"VICTORIAN SEWING BOX LARGE",526,1692,24153.59
"PINK REGENCY TEACUP AND SAUCER",1024,8088,24105.67
"VINTAGE SNAP CARDS",1888,27942,24095.60
"PACK OF 72 RETRO SPOT CAKE CASES",1410,46755,24069.28
"RED KITCHEN SCALES",950,2743,24045.03
"VINTAGE HEADS AND TAILS CARD GAME ",1313,18585,23993.23
"SET/5 RED RETROSPOT LID GLASS BOWLS",1147,8261,23911.39
"CREAM CUPID HEARTS COAT HANGER",843,7386,23834.62
"JUMBO BAG 50'S CHRISTMAS ",716,10306,23815.75
"WOODEN CROQUET GARDEN SET",642,1846,23743.77
"NO SINGING METAL SIGN",1152,11683,23573.44
"SET OF TEA COFFEE SUGAR TINS PANTRY",470,4805,23514.17
"PLASTERS IN TIN WOODLAND ANIMALS",1275,13854,23329.36
"GREY HEART HOT WATER BOTTLE",996,6059,23172.82
"WOODEN ROUNDERS GARDEN SET ",744,2556,23139.30
"HANGING HEART ZINC T-LIGHT HOLDER",1523,27231,22946.04
"PACK OF 6 BIRDY GIFT TAGS",1084,18333,22903.92
"ASSORTED COLOUR MINI CASES",766,3156,22806.51
"CERAMIC CAKE STAND + HANGING CAKES",477,2418,22702.46
"PLASTERS IN TIN CIRCUS PARADE ",1196,13797,22694.13
"CHRISTMAS LIGHTS 10 REINDEER",483,2710,22645.32
"HOMEMADE JAM SCENTED CANDLES",709,15087,22459.25
"DOORMAT SPOTTY HOME SWEET HOME",744,2903,22118.44
"WOODEN UNION JACK BUNTING",774,3597,21910.64
"PICNIC BASKET WICKER SMALL",922,3808,21891.17
"NATURAL SLATE CHALKBOARD LARGE ",835,4462,21883.98
"JUMBO BAG VINTAGE LEAF",879,10962,21852.81
"15CM CHRISTMAS GLASS BALL 20 LIGHTS",517,2755,21826.90
"DOORMAT ENGLISH ROSE ",526,3293,21766.33
"PACK OF 72 SKULL CAKE CASES",1481,40733,21734.85
"FELTCRAFT CUSHION RABBIT",807,5805,21579.79
"RETRO SPOT TEA SET CERAMIC 11 PC ",771,4447,21345.59
"ENAMEL BREAD BIN CREAM",739,1560,21305.96
"HEART FILIGREE DOVE  SMALL",861,17127,21217.02
"BAKING SET SPACEBOY DESIGN",942,4389,21162.89
"PAPER CHAIN KIT RETRO SPOT",591,7582,21160.64
"RED SPOTTY BISCUIT TIN",897,5305,21102.06
"FELTCRAFT CUSHION OWL",875,5692,21056.50
"FELTCRAFT CUSHION BUTTERFLY",784,5731,20924.96
"LUNCH BAG APPLE DESIGN",1036,12183,20911.98
"STRAWBERRY CHARLOTTE BAG",1379,18485,20677.62
"LADIES & GENTLEMEN METAL SIGN",1110,8519,20668.23
"GROW A FLYTRAP OR SUNFLOWER IN TIN",350,17899,20499.08
"DOORMAT WELCOME PUPPIES",428,3433,20360.95
"FELTCRAFT DOLL MOLLY",810,7413,20345.77
"PAPER CHAIN KIT RETROSPOT",810,6426,20218.42
"VINTAGE UNION JACK CUSHION COVER",626,3745,20164.64
"CLOTHES PEGS RETROSPOT PACK 24 ",1202,14281,20163.07
"METAL SIGN TAKE IT OR LEAVE IT ",881,7048,19970.24
"FAMILY ALBUM WHITE PICTURE FRAME",701,2326,19956.30
"LUNCH BAG PINK POLKADOT",1281,11987,19888.83
"POTTERING IN THE SHED METAL SIGN",1135,9813,19864.32
"WOODEN SCHOOL COLOURING SET",904,11778,19752.09
"RED RETROSPOT PICNIC BAG",935,6707,19680.05
"HAND WARMER UNION JACK",858,9544,19617.73
"SILVER HANGING T-LIGHT HOLDER",693,12286,19568.46
"CLASSIC METAL BIRDCAGE PLANT HOLDER",419,1785,19541.46
"CHOCOLATE THIS WAY METAL SIGN",974,9865,19534.11
"ENAMEL FLOWER JUG CREAM",798,3247,19517.11
"ANTIQUE SILVER T-LIGHT GLASS",689,14688,19411.62
"RECORD FRAME 7"" SINGLE SIZE ",555,7861,19371.46
"WHITE METAL LANTERN",701,4923,19333.31
"LARGE CAKE STAND  HANGING STRAWBERY",520,2189,19300.47
"ANTIQUE SILVER TEA GLASS ENGRAVED",680,16199,19223.04
"CHICK GREY HOT WATER BOTTLE",864,4815,19113.15
"PLASTERS IN TIN STRONGMAN",956,11677,18920.97
"LUNCH BAG SUKI DESIGN ",1084,10332,18750.58
"MULTI COLOUR SILVER T-LIGHT HOLDER",653,22662,18617.80
"SET/3 RED GINGHAM ROSE STORAGE BOX",814,4751,18551.70
"FELTCRAFT BUTTERFLY HEARTS",1132,13175,18425.55
"MEMO BOARD COTTAGE DESIGN",744,3826,18357.68
"TRADITIONAL MODELLING CLAY",742,15226,18313.05
"BLUE HARMONICA IN BOX ",963,13311,18198.10
"DELUXE SEWING KIT ",597,2689,18177.57
"HOT WATER BOTTLE BABUSHKA ",436,3879,18156.72
"BREAD BIN DINER STYLE IVORY",472,1142,18147.54
"HEART IVORY TRELLIS SMALL",969,13981,18064.10
"SINGLE HEART ZINC T-LIGHT HOLDER",1145,17884,17948.95
"PLASTERS IN TIN VINTAGE PAISLEY ",1126,10620,17834.26
"PAINTED METAL PEARS ASSORTED",739,10652,17738.89
"RED RETROSPOT TRADITIONAL TEAPOT ",570,2419,17658.46
"WOODEN BOX OF DOMINOES",1123,13231,17636.32
"72 SWEETHEART FAIRY CAKE CASES",1460,35438,17585.16
"ENGLISH ROSE DESIGN QUILTED THROW",83,816,17477.66
"SET OF 3 COLOURED  FLYING DUCKS",380,3311,17392.75
"60 CAKE CASES VINTAGE CHRISTMAS",1039,28744,17329.49
"HAND WARMER RED RETROSPOT",733,8478,17283.67
"JUMBO BAG DOILEY PATTERNS",514,8895,17272.85
"TRAVEL SEWING KIT",830,10163,17265.28
"DOORMAT BLACK FLOCK ",345,2931,17260.87
"JUMBO BAG SCANDINAVIAN BLUE PAISLEY",662,8414,17245.93
"STRAWBERRY LUNCH BOX WITH CUTLERY",1038,6891,17224.73
"CHILDRENS CUTLERY POLKADOT PINK",423,3953,16874.27
"HOME SWEET HOME METAL SIGN ",721,6058,16865.40
"VINTAGE CREAM 3 BASKET CAKE STAND",494,1739,16794.94
"RETRO SPOT CAKE STAND",340,1518,16603.76
"WHITE WOOD GARDEN PLANT LADDER",898,1647,16569.30
"SET OF 4 PANTRY JELLY MOULDS",1073,12672,16507.23
"SET OF 20 KIDS COOKIE CUTTERS",796,7909,16504.32
"HEART IVORY TRELLIS LARGE",833,9974,16456.86
"LUNCH BAG DOLLY GIRL DESIGN",994,10069,16421.11
"GARDENERS KNEELING PAD KEEP CALM ",913,8825,16357.05
"CHILDS BREAKFAST SET SPACEBOY ",499,1726,16313.05
"RED RETROSPOT UMBRELLA",514,2784,16208.84
"SET OF 3 NOTEBOOKS IN PARCEL",795,9541,16205.74
"SET OF 6 SOLDIER SKITTLES",705,4151,16201.07
"CHILDS BREAKFAST SET DOLLY GIRL ",485,1693,16133.79
"HOME SWEET HOME MUG",755,14187,16126.02
"FELTCRAFT CHRISTMAS FAIRY",586,3672,16090.04
"DOORMAT WELCOME TO OUR HOME",606,2141,16041.34
"DOORMAT 3 SMILEY CATS",436,2476,15983.66
"DOORMAT HOME SWEET HOME BLUE ",437,2543,15945.72
"PICTURE FRAME WOOD TRIPLE PORTRAIT",575,2422,15908.66
"DOOR MAT RED SPOT",412,2486,15897.24
"RED DINER WALL CLOCK",616,1878,15896.98
"VINTAGE CHRISTMAS BUNTING",401,2997,15833.31
"FELTCRAFT PRINCESS CHARLOTTE DOLL",685,3876,15808.58
"PINK 3 PIECE MINI DOTS CUTLERY SET",448,4359,15785.90
"METAL 4 HOOK HANGER FRENCH CHATEAU",997,5142,15783.70
"RED RETROSPOT MINI CASES",508,2151,15782.91
"SET OF 20 VINTAGE CHRISTMAS NAPKINS",1086,17706,15779.53
"RED RETROSPOT ROUND CAKE TINS",465,1469,15757.39
"TRADITIONAL WOODEN SKIPPING ROPE",835,12282,15756.65
"RED 3 PIECE MINI DOTS CUTLERY SET",500,4258,15753.53
"SET/6 RED SPOTTY PAPER PLATES",984,20161,15723.97
"SET OF 3 HEART COOKIE CUTTERS",1248,11784,15596.13
"ALARM CLOCK BAKELIKE IVORY",746,3877,15567.79
"WOODEN ADVENT CALENDAR CREAM",275,992,15485.22
"RED/WHITE DOTS RUFFLED UMBRELLA",421,3463,15482.83
"AREA PATROLLED METAL SIGN",796,7637,15461.77
"PINK HEART SHAPE EGG FRYING PAN",715,10529,15443.92
"PACK OF 60 DINOSAUR CAKE CASES",1303,31575,15381.95
"BEWARE OF THE CAT METAL SIGN ",966,9450,15359.80
"ZINC FOLKART SLEIGH BELLS",692,8447,15257.26
"WOODEN SKITTLES GARDEN SET",374,1077,15009.54
"VINTAGE SNAKES & LADDERS",828,3800,14968.49
"BROCADE RING PURSE ",456,71430,14959.19
"OPEN CLOSED METAL SIGN",651,2996,14832.05
"SET OF 2 WOODEN MARKET CRATES",419,1109,14779.84
"RED SPOTTY ROUND CAKE TINS",463,1492,14725.64
"WOODEN HAPPY BIRTHDAY GARLAND",651,5057,14672.98
"LUNCH BOX WITH CUTLERY RETROSPOT ",886,5770,14611.03
"VICTORIAN SEWING BOX SMALL ",655,2413,14564.08
"WHITE SPOT RED CERAMIC DRAWER KNOB",815,11210,14529.81
"VICTORIAN SEWING BOX MEDIUM",532,1596,14505.73
"BLUE 3 PIECE MINI DOTS CUTLERY SET",478,3978,14483.13
"HEART FILIGREE DOVE LARGE",706,8740,14426.65
"YOU'RE CONFUSING ME METAL SIGN ",772,8941,14426.42
"MINT KITCHEN SCALES",653,1642,14424.68
"LUNCH BAG PINK RETROSPOT",810,8932,14421.42
"SET OF 3 BUTTERFLY COOKIE CUTTERS",1114,10540,14338.18
"KENSINGTON COFFEE SET",183,1604,14317.98
"SWEETHEART CAKESTAND 3 TIER",526,1431,14287.65
"GROW YOUR OWN PLANT IN A CAN ",453,10419,14233.65
"FELTCRAFT DOLL ROSIE",787,4966,14218.25
"FULL ENGLISH BREAKFAST PLATE",642,3436,14216.43
"CHRISTMAS TOILET ROLL",596,9038,14212.96
"JUMBO BAG PEARS",595,7071,14197.28
"BINGO SET",825,3586,14171.59
"CAKE STAND 3 TIER MAGIC GARDEN",421,1141,14122.42
"BLUE STRIPE CERAMIC DRAWER KNOB",805,10763,14092.17
"WOODEN BOX ADVENT CALENDAR ",419,1443,14070.70
"DOORMAT AIRMAIL ",429,2107,14063.95
"RED STRIPE CERAMIC DRAWER KNOB",825,10464,14053.29
"IVORY DINER WALL CLOCK",500,1695,13995.85
"JUMBO BAG VINTAGE CHRISTMAS ",476,6081,13978.95
"SAVE THE PLANET MUG",779,11698,13955.91
"TRADITIONAL KNITTING NANCY",875,8775,13863.41
"SET/20 RED RETROSPOT PAPER NAPKINS ",1181,16125,13838.08
"CHILDS BREAKFAST SET CIRCUS PARADE",489,1664,13821.23
"PINK CHERRY LIGHTS",265,2281,13787.93
"FRYING PAN UNION FLAG",480,3187,13724.41
"DOUGHNUT LIP GLOSS ",344,10415,13720.77
"TEA TIME TEA TOWELS ",453,5206,13717.61
"DOORMAT MULTICOLOUR STRIPE",257,2358,13717.39
"BREAD BIN DINER STYLE RED ",344,853,13716.47
" SET 2 TEA TOWELS I LOVE LONDON ",459,4247,13668.33
"FILIGRIS HEART WITH BUTTERFLY",588,11025,13662.97
"WHITE SPOT BLUE CERAMIC DRAWER KNOB",763,10276,13568.06
"CHARLOTTE BAG PINK POLKADOT",906,11433,13545.74
"PLASTERS IN TIN SKULLS",1090,8084,13529.26
"3 STRIPEY MICE FELTCRAFT",809,7277,13497.42
"LOVE HOT WATER BOTTLE",476,2386,13494.97
"ADVENT CALENDAR GINGHAM SACK",495,2362,13420.52
"LUNCH BAG ALPHABET DESIGN",740,7851,13360.20
"SUKI  SHOULDER BAG",921,7209,13353.81
"BAG 250g SWIRLY MARBLES",568,17304,13347.60
"SET OF 10 LED DOLLY LIGHTS",372,2221,13303.02
"DOORMAT UNION JACK GUNS AND ROSES",341,2198,13290.64
"SET 6 SCHOOL MILK BOTTLES IN CRATE",405,2845,13284.49
"HANGING METAL HEART LANTERN",784,8012,13277.22
"CERAMIC STRAWBERRY CAKE MONEY BANK",880,9309,13232.41
"PINK PAPER PARASOL ",250,4970,13228.55
"DOOR MAT NEW ENGLAND",464,2026,13224.08
"PHOTO FRAME CORNICE",640,4475,13209.49
"3 TIER CAKE TIN RED AND CREAM",263,912,13195.76
"LARGE CIRCULAR MIRROR MOBILE",344,13993,13186.31
"PHARMACIE FIRST AID TIN",424,1819,13184.05
"VINTAGE RED KITCHEN CABINET",53,77,13140.00
"EDWARDIAN PARASOL PINK",382,2579,13126.04
"WOODEN ADVENT CALENDAR RED",209,1026,13111.85
"PAPER BUNTING COLOURED LACE",619,4409,13109.34
"SET 3 RETROSPOT TEA,COFFEE,SUGAR",498,2445,13104.69
"DOORMAT TOPIARY",337,2107,13087.03
"SET OF 72 PINK HEART PAPER DOILIES",1019,8404,13075.15
"CHRISTMAS CRAFT LITTLE FRIENDS",704,5382,13024.09
"PACK OF 6 PANNETONE GIFT BOXES",571,5058,12930.16
"PINK FAIRY CAKE CHILDRENS APRON",823,6370,12817.40
"RETROSPOT CHILDRENS APRON",634,6889,12816.93
"CHRISTMAS LIGHTS 10 VINTAGE BAUBLES",356,2607,12813.52
"CANDLEHOLDER PINK HANGING HEART",594,4513,12797.12
"PACK OF 12 LONDON TISSUES ",825,40163,12764.06
"DOORMAT RESPECTABLE HOUSE",320,1978,12753.24
"COFFEE MUG APPLES DESIGN",540,5452,12734.78
"HAND WARMER BABUSHKA DESIGN",592,7568,12708.45
"BOX OF VINTAGE JIGSAW BLOCKS ",541,2357,12687.38
"RIBBON REEL STRIPES DESIGN ",957,7535,12682.97
"CHILDRENS CUTLERY RETROSPOT RED ",317,2907,12604.23
"COFFEE MUG CAT + BIRD DESIGN",643,5152,12522.06
"RED RETROSPOT SMALL MILK JUG",814,5081,12517.59
"BLACK/BLUE DOTS RUFFLED UMBRELLA",311,2980,12509.02
"RED SPOT CERAMIC DRAWER KNOB",727,9590,12474.38
"SOMBRERO ",127,9570,12456.70
"CIRCUS PARADE LUNCH BOX ",662,6333,12379.71
"CHILDRENS CUTLERY POLKADOT BLUE",289,2848,12371.12
"REGENCY SUGAR BOWL GREEN",322,3057,12350.73
"T-LIGHT GLASS FLUTED ANTIQUE",434,9946,12336.71
"RED FLORAL FELTCRAFT SHOULDER BAG",613,3294,12315.10
"BLUE DINER WALL CLOCK",543,1446,12291.76
"BLUE SPOT CERAMIC DRAWER KNOB",767,8997,12287.34
"ALARM CLOCK BAKELIKE ORANGE",612,3098,12272.63
"ANTIQUE LILY FAIRY LIGHTS",292,2686,12239.51
" WHITE CHERRY LIGHTS",243,2026,12198.66
"SET/20 RED SPOTTY PAPER NAPKINS ",942,15698,12193.89
"FELTCRAFT PRINCESS LOLA DOLL",647,3237,12121.47
"STRAWBERRY   PICNIC BAG",657,4123,12118.51
"ROSE COTTAGE KEEPSAKE BOX ",306,1199,12002.01
"SET3 BOOK BOX GREEN GINGHAM FLOWER ",465,2939,11992.93
"AGED GLASS SILVER T-LIGHT HOLDER",643,18356,11972.48
"ASSORTED FLOWER COLOUR ""LEIS""",277,24801,11966.04
"TEA TIME KITCHEN APRON",351,2202,11925.11
"PIGGY BANK RETROSPOT ",598,4624,11915.48
"LARGE POPCORN HOLDER ",554,6797,11904.42
"SET OF 36 TEATIME PAPER DOILIES",812,8154,11896.70
"NATURAL SLATE RECTANGLE CHALKBOARD",808,6954,11879.17
"RED SPOT HEART HOT WATER BOTTLE",455,2467,11861.76
"BABUSHKA LIGHTS STRING OF 10",413,1778,11853.38
"FIRST AID TIN",534,3591,11821.18
"GARDENERS KNEELING PAD CUP OF TEA ",758,6827,11815.69
"DOORSTOP RETROSPOT HEART",697,2933,11787.79
"RED GINGHAM ROSE JEWELLERY BOX",997,6593,11785.98
"PLACE SETTING WHITE HEART",716,27897,11754.85
"SOLDIERS EGG CUP ",446,9748,11753.72
"SWEETHEART RECIPE BOOK STAND",498,1666,11731.06
"STRAWBERRY FAIRY CAKE TEAPOT",482,2324,11693.17
"CHILDRENS APRON SPACEBOY DESIGN",846,5836,11663.64
"JUMBO BAG PAISLEY PARK",338,5035,11613.03
"RETRO COFFEE MUGS ASSORTED",492,7504,11582.36
"WICKER STAR ",858,5136,11576.10
"DOOR MAT FAIRY CAKE",386,1731,11562.27
"JUMBO BAG DOLLY GIRL DESIGN",688,5793,11531.86
"TWO DOOR CURIO CABINET",262,887,11503.15
"PARTY METAL SIGN ",971,7759,11492.22
"FAMILY PHOTO FRAME CORNICE",354,1197,11484.06
"VINTAGE CREAM DOG FOOD CONTAINER",489,1206,11437.58
"POTTING SHED TEA MUG",881,9255,11408.72
"RECIPE BOX RETROSPOT ",670,4053,11384.35
"PINK PARTY BAGS",369,6046,11348.58
"4 TRADITIONAL SPINNING TOPS",841,8361,11343.55
"UNION STRIPE WITH FRINGE  HAMMOCK",388,1452,11297.82
"PARTY CONE CHRISTMAS DECORATION ",424,9972,11290.02
"SET/6 PINK  BUTTERFLY T-LIGHTS",499,5821,11271.04
"PACK OF 60 SPACEBOY CAKE CASES",1103,21641,11258.89
"CAMOUFLAGE LED TORCH",444,6563,11218.49
"RED RETROSPOT PEG BAG",605,4069,11203.92
"RED RETROSPOT MUG",340,3956,11195.96
"RED 3 PIECE RETROSPOT CUTLERY SET",287,2762,11163.62
"REGENCY TEA PLATE ROSES ",445,6869,11117.05
"GLITTER BUTTERFLY CLIPS",607,4481,11095.91
"I'M ON HOLIDAY METAL SIGN",771,5264,11068.43
"SET 10 LIGHTS NIGHT OWL",396,1588,11045.02
"PHOTO CUBE",557,5449,11036.30
"SET/2 RED RETROSPOT TEA TOWELS ",503,3427,11013.05
"SET OF 72 RETROSPOT PAPER  DOILIES",607,7578,11007.86
"CALENDAR PAPER CUT DESIGN",463,3532,11003.04
"SET/10 RED POLKADOT PARTY CANDLES",485,9108,10977.31
"FELTCRAFT DOLL EMILY",656,3834,10973.70
"PINK BABY BUNTING",579,3604,10965.96
"SET/6 RED SPOTTY PAPER CUPS",843,16903,10950.15
"SET OF 72 RETRO SPOT PAPER  DOILIES",554,7671,10949.40
"PACK 3 BOXES CHRISTMAS PANNETONE",438,4981,10932.80
"PINK 3 PIECE POLKADOT CUTLERY SET",296,2839,10906.17
"36 DOILIES VINTAGE CHRISTMAS",342,7852,10825.42
"LUNCH BAG VINTAGE DOILY ",601,6562,10820.10
"PINK DOUGHNUT TRINKET POT ",693,6711,10791.56
"10 COLOUR SPACEBOY PEN",585,12708,10771.62
"VINTAGE UNION JACK DOORSTOP",403,1787,10736.35
"ENGLISH ROSE HOT WATER BOTTLE",531,2380,10672.67
"S/6 WOODEN SKITTLES IN COTTON BAG",547,3549,10658.80
"SET OF 36 PAISLEY FLOWER DOILIES",808,7059,10656.30
"ALARM CLOCK BAKELIKE CHOCOLATE",549,2591,10635.20
"POLKADOT PEN",275,12380,10609.89
"PACK OF 12 SUKI TISSUES ",718,32827,10589.35
"DOOR MAT SPOTTY HOME SWEET HOME",286,1773,10570.55
"DOOR MAT 3 SMILEY CATS",284,1833,10560.75
"LUNCH BAG DOILEY PATTERN ",492,6556,10510.44
"COFFEE MUG PEARS  DESIGN",396,4933,10510.30
"GINGERBREAD MAN COOKIE CUTTER",732,8506,10505.13
"LUNCH BAG VINTAGE LEAF DESIGN",668,6342,10498.01
"CLEAR DRAWER KNOB ACRYLIC EDWARDIAN",511,7738,10472.19
"CERAMIC HEART FAIRY CAKE MONEY BANK",736,5763,10447.48
"WELCOME  WOODEN BLOCK LETTERS",367,1030,10444.02
"TOY TIDY PINK POLKADOT",589,4891,10434.74
"POPPY'S PLAYHOUSE KITCHEN",742,4263,10434.49
"REVOLVER WOODEN RULER ",348,5236,10379.84
"TRADITIONAL WOODEN CATCH CUP GAME ",818,7972,10370.32
"MA CAMPAGNE CUTLERY BOX",363,671,10364.92
"DOOR MAT HEARTS",316,1708,10358.36
"PAPER BUNTING VINTAGE PAISLEY",552,3516,10335.81
"BATH BUILDING BLOCK WORD",581,1671,10317.36
"WHITE WIRE EGG HOLDER",375,1807,10308.11
"TOY TIDY SPACEBOY  ",688,4998,10301.72
"RED WHITE SCARF  HOT WATER BOTTLE",359,2448,10285.98
"ENCHANTED BIRD COATHANGER 5 HOOK",519,2327,10268.35
"JUMBO BAG CHARLIE AND LOLA TOYS",573,4632,10265.72
"RED SPOTTY CHARLOTTE BAG",780,11571,10262.89
"VINTAGE DOILY JUMBO BAG RED ",259,4815,10233.45
"LONDON BUS COFFEE MUG",317,4367,10224.75
"COFFEE MUG DOG + BALL DESIGN",526,4229,10192.10
"SKULL LUNCH BOX WITH CUTLERY ",703,3960,10184.75
"ENAMEL MEASURING JUG CREAM",625,2341,10124.39
"ROUND SNACK BOXES SET OF 4 SKULLS",646,3109,10095.79
"FOOD CONTAINER SET 3 LOVE HEART ",692,5317,10070.49
"REGENCY TEA PLATE GREEN ",381,6247,10051.99
"POPPY'S PLAYHOUSE BEDROOM ",703,4097,10044.06
"TRADITIONAL CHRISTMAS RIBBONS",718,6836,10032.04
"SET/3 RUSSIAN DOLL STACKING TINS",385,1984,10030.08
"BLACK/BLUE POLKADOT UMBRELLA",401,1722,10012.23
"MOROCCAN TEA GLASS",436,12282,10001.32
"PICTURE DOMINOES",711,6688,9979.66
"ICE CREAM SUNDAE LIP GLOSS",277,8100,9965.76
"VINYL RECORD FRAME SILVER",218,2716,9930.21
"CHRISTMAS LIGHTS 10 SANTAS ",246,1273,9916.68
"GLITTER HANGING BUTTERFLY STRING",481,4850,9892.24
"ROUND CAKE TIN VINTAGE RED",392,1295,9889.95
"TEA TIME TABLE CLOTH",232,988,9876.80
"RECIPE BOX BLUE SKETCHBOOK DESIGN",703,3025,9852.58
"SMALL CHINESE STYLE SCISSOR",93,30370,9839.40
"DOOR MAT ENGLISH ROSE ",325,1484,9837.32
"SET OF 4 KNICK KNACK TINS DOILY ",353,2360,9759.68
"SCANDINAVIAN REDS RIBBONS",891,6821,9740.70
"RED RETROSPOT BUTTER DISH",536,1915,9700.82
"FOLKART ZINC HEART CHRISTMAS DEC",637,11563,9668.33
"TRIPLE PHOTO FRAME CORNICE ",295,1022,9667.76
"WASHROOM METAL SIGN",794,7046,9659.57
"PINK FLORAL FELTCRAFT SHOULDER BAG",574,2547,9632.00
"REGENCY MILK JUG PINK ",329,3164,9600.15
"PANTRY ROLLING PIN",238,2465,9568.73
"RED RETROSPOT JUMBO BAG ",210,5418,9565.84
"TOY TIDY PINK RETROSPOT  ",511,4558,9540.03
"NOEL WOODEN BLOCK LETTERS ",438,1538,9536.28
"BOYS VINTAGE TIN SEASIDE BUCKET",496,3750,9531.74
"BOX OF 24 COCKTAIL PARASOLS",1122,19467,9530.48
"IVORY HANGING DECORATION  HEART",690,10998,9508.95
"GLASS  BEURRE DISH",519,2263,9458.15
"KINGS CHOICE BISCUIT TIN",462,2094,9454.32
"LOVEBIRD HANGING DECORATION WHITE ",1149,9934,9427.66
"CHARLIE+LOLA PINK HOT WATER BOTTLE",662,3427,9427.62
"GAOLERS KEYS DECORATIVE GARDEN ",486,2737,9340.07
"LARGE HEART MEASURING SPOONS",806,5195,9318.00
"VINTAGE BLUE KITCHEN CABINET",37,45,9290.00
"BOX OF 6 MINI 50'S CRACKERS",403,3739,9266.84
"BIRD HOUSE HOT WATER BOTTLE",512,2748,9263.87
"CHRISTMAS CRAFT TREE TOP ANGEL",572,3794,9254.71
"FUNKY DIVA PEN",292,10721,9248.69
"RECIPE BOX WITH METAL HEART",367,1147,9242.46
"PICCADILLY TEA SET",108,684,9239.87
"AIRLINE BAG VINTAGE TOKYO 78",684,1877,9221.01
"3 TIER CAKE TIN GREEN AND CREAM",256,585,9197.19
"PINK VINTAGE PAISLEY PICNIC BAG",625,4151,9191.60
"SET/3 VANILLA SCENTED CANDLE IN BOX",389,2079,9179.47
"AFGHAN SLIPPER SOCK PAIR",80,2865,9179.25
"BOX OF 6 MINI VINTAGE CRACKERS",376,3811,9167.39
"RED METAL BOX TOP SECRET",257,1079,9158.87
"BLUE 3 PIECE POLKADOT CUTLERY SET",259,2395,9122.04
"RETROSPOT PARTY BAG + STICKER SET",409,5786,9088.44
"PACK OF 12 HEARTS DESIGN TISSUES ",919,25708,9032.96
"GIRLS VINTAGE TIN SEASIDE BUCKET",487,3564,9017.80
"SET 2 PANTRY DESIGN TEA TOWELS",372,2815,9012.27
"RED RETROSPOT SHOPPER BAG",696,6430,8975.66
"HAND WARMER RED LOVE HEART",397,4027,8941.61
"LARGE WHITE HEART OF WICKER",562,3085,8925.41
"CAKE STAND WHITE TWO TIER LACE",359,1098,8920.43
"12 PENCILS SMALL TUBE SKULL",822,13511,8895.24
"FOUR HOOK  WHITE LOVEBIRDS",828,4114,8869.28
"SWEETHEART KEY CABINET",393,1538,8848.30
"FAIRY TALE COTTAGE NIGHTLIGHT",279,4902,8831.08
"SET OF 2 TEA TOWELS APPLE AND PEARS",411,2898,8823.52
"RED SPOTTY SHOPPER BAG",517,7059,8764.34
"VICTORIAN  METAL POSTCARD SPRING",405,6080,8727.79
"FELTCRAFT PRINCESS OLIVIA DOLL",466,2332,8716.45
"6 EGG HOUSE PAINTED WOOD",382,1050,8692.55
"MINI WOODEN HAPPY BIRTHDAY GARLAND",532,5149,8649.91
"RIBBON REEL LACE DESIGN ",480,4044,8580.16
"SET 6 PAPER TABLE LANTERN HEARTS ",297,2333,8577.51
"VINTAGE POST OFFICE CABINET",48,134,8562.52
"KINGS CHOICE TEA CADDY ",605,2694,8561.90
"ICE CREAM PEN LIP GLOSS ",257,6831,8553.34
"RIBBON REEL HEARTS DESIGN ",684,5080,8553.04
"SCANDINAVIAN PAISLEY PICNIC BAG",649,3889,8549.47
"WHITE DOVE HONEYCOMB PAPER GARLAND",369,5277,8540.42
"GINGHAM HEART  DOORSTOP RED",624,2131,8534.49
"CHILDRENS CUTLERY SPACEBOY ",360,2079,8525.97
"RETRO SPOT LARGE MILK JUG",516,1708,8524.23
"VINTAGE DOILY TRAVEL SEWING KIT",415,3970,8509.68
"LIGHT PINK CHERRY LIGHTS",170,1433,8481.19
"SMALL WHITE HEART OF WICKER",629,4737,8473.27
"RETROSPOT LARGE MILK JUG",438,1713,8468.34
"GIN AND TONIC MUG",617,6489,8451.84
"DOOR MAT WELCOME PUPPIES",270,1459,8437.19
"WEEKEND BAG VINTAGE ROSE PAISLEY",313,1019,8437.18
"PICNIC BOXES SET OF 3 RETROSPOT ",350,1752,8428.28
"SET/10 PINK POLKADOT PARTY CANDLES",420,6945,8410.40
"ROUND CONTAINER SET OF 5 RETROSPOT",607,5138,8404.35
"SKULL SHOULDER BAG",725,4648,8402.97
"RAIN PONCHO RETROSPOT",308,10464,8399.34
"DOORMAT MERRY CHRISTMAS RED ",264,1094,8382.62
"RIBBON REEL SNOWY VILLAGE",498,4636,8382.54
"CREAM SWEETHEART WALL CABINET",175,504,8347.59
"CREAM SWEETHEART LETTER RACK",279,1789,8327.01
"RED RETROSPOT OVEN GLOVE ",564,5582,8324.35
"DOOR MAT FANCY FONT HOME SWEET HOME",245,1178,8238.80
"CHARLIE + LOLA RED HOT WATER BOTTLE",601,3430,8228.09
"CABIN BAG VINTAGE RETROSPOT",115,374,8224.63
"PHOTO FRAME 3 CLASSIC HANGING",316,823,8223.44
"NOVELTY BISCUITS CAKE STAND 3 TIER",260,839,8213.47
"MINI CAKE STAND  HANGING STRAWBERY",724,4945,8212.19
"LAUNDRY 15C METAL SIGN",751,5690,8163.85
"OWL DOORSTOP",534,1386,8099.22
"RED/WHITE DOT MINI CASES",256,1134,8075.42
"ROSE CARAVAN DOORSTOP",431,1262,8065.73
"GIRLS ALPHABET IRON ON PATCHES ",310,38574,8062.71
"CARDHOLDER HOLLY WREATH METAL",304,2001,8043.33
"I CAN ONLY PLEASE ONE PERSON MUG",630,6398,8025.53
"SET/10 RED SPOTTY PARTY CANDLES",388,6570,8002.02
"LANTERN CREAM GAZEBO ",369,1598,7984.07
"SET/2 RED SPOTTY TEA TOWELS ",426,2664,7975.32
"RED RETROSPOT SUGAR JAM BOWL",580,3223,7962.13
"RETRO SPOT TRADITIONAL TEAPOT ",261,1010,7953.81
"KINGS CHOICE MUG",414,6860,7953.57
"SET OF 6 T-LIGHTS SANTA",379,2662,7950.90
"PACK OF 60 MUSHROOM CAKE CASES",950,14818,7946.03
"DIAMANTE HEART SHAPED WALL MIRROR, ",272,991,7844.22
"STRAWBERRY SHOPPER BAG",757,6342,7840.98
"RED BABY BUNTING ",438,2439,7838.37
"CARD HOLDER GINGHAM HEART",481,2827,7837.07
"HOLIDAY FUN LUDO",425,2091,7835.96
"LARGE CAKE TOWEL PINK SPOTS",329,1652,7830.83
"SET OF 4 KNICK KNACK TINS LONDON ",274,1862,7825.56
"COLOURING PENCILS BROWN TUBE",584,8782,7773.82
"DOORMAT RED SPOT",205,1086,7765.42
" SPACEBOY BABY GIFT SET",184,499,7758.70
"ANTIQUE GLASS DRESSING TABLE POT",356,2491,7752.21
"LOVE LARGE WOOD LETTERS ",286,587,7750.07
"CHARLOTTE BAG APPLES DESIGN",583,7976,7741.94
"CHRISTMAS METAL TAGS ASSORTED ",338,7857,7722.19
"CHILDRENS CUTLERY POLKADOT GREEN ",246,1829,7701.71
"RED RETROSPOT BOWL",544,6044,7685.22
"WOODEN OWLS LIGHT GARLAND ",193,2024,7666.64
"GLASS JAR ENGLISH CONFECTIONERY",424,2534,7656.55
"WHITE LOVEBIRD LANTERN",401,2404,7637.15
"GARDENERS KNEELING PAD",554,5831,7634.27
"MIRRORED DISCO BALL ",302,1376,7629.46
"PACK OF 12 TRADITIONAL CRAYONS",785,18076,7618.02
"SET/6 TURQUOISE BUTTERFLY T-LIGHTS",427,3802,7609.71
"GIRAFFE WOODEN RULER",274,3889,7608.79
"DOG BOWL CHASING BALL DESIGN",230,1834,7604.99
"HANGING METAL STAR LANTERN",461,4686,7581.90
"CREAM SWEETHEART TRAYS",256,624,7575.44
"RED SPOTTY COIR DOORMAT",208,1175,7570.09
"BATHROOM METAL SIGN",1336,13400,7558.36
"S/4 CACTI CANDLES",357,1534,7555.39
"ASSTD DESIGN RACING CAR PEN",251,4885,7509.97
"POTTERING MUG",623,5728,7472.99
"LAVENDER SCENTED FABRIC HEART",494,5783,7462.16
"CERAMIC CHERRY CAKE MONEY BANK",610,5095,7451.74
"BLACK KITCHEN SCALES",339,867,7430.96
"PACK 3 BOXES BIRD PANNETONE ",342,3835,7429.19
"SET 3 RED SPOT TIN TEA,COFFEE,SUGAR",304,1504,7423.89
"12 EGG HOUSE PAINTED WOOD",216,565,7406.65
"SET 3 WICKER LOG BASKETS",164,400,7402.56
"BOX OF 6 CHRISTMAS CAKE DECORATIONS",220,1875,7356.18
"DOOR MAT BLACK FLOCK ",192,1251,7333.77
"PACK OF 20 NAPKINS PANTRY DESIGN",829,8745,7329.99
"20 DOLLY PEGS RETROSPOT",506,5810,7312.82
"GREEN 3 PIECE MINI DOTS CUTLERY SET",249,1962,7309.81
"VINTAGE UNION JACK APRON",334,1016,7297.42
"GUMBALL MAGAZINE RACK",307,890,7259.42
"SET 6 PAPER TABLE LANTERN STARS ",246,1933,7254.65
"SET OF 4 KNICK KNACK TINS DOILEY ",182,1820,7252.94
"WOODEN HEART CHRISTMAS SCANDINAVIAN",831,14129,7252.42
"COOKING SET RETROSPOT",242,742,7223.15
"BIG DOUGHNUT FRIDGE MAGNETS",525,6470,7219.46
"PACK OF 12 WOODLAND TISSUES ",553,26472,7213.86
"CERAMIC CAKE BOWL + HANGING CAKES",391,2475,7129.39
"GREEN CHRISTMAS TREE CARD HOLDER",364,2159,7117.75
"INFLATABLE POLITICAL GLOBE ",362,8836,7097.90
"SET OF 6 T-LIGHTS SNOWMEN",328,2312,7092.08
"DOOR MAT MULTICOLOUR STRIPE",239,1103,7085.77
"PACK OF 12 PINK PAISLEY TISSUES ",432,25509,7077.05
"CREAM SLICE FLANNEL PINK SPOT ",313,2463,7075.40
"GIANT 50'S CHRISTMAS CRACKER",333,2668,7072.16
"SPACEBOY BIRTHDAY CARD",1034,17060,7051.81
"5 HOOK HANGER RED MAGIC TOADSTOOL",213,4582,7045.56
"SET/10 PINK SPOTTY PARTY CANDLES",387,5796,7044.66
"JINGLE BELL HEART ANTIQUE SILVER",210,3567,7044.64
"VINTAGE PAISLEY STATIONERY SET",656,3437,7039.27
"TEA TIME OVEN GLOVE",745,5403,7037.87
"FANCY FONTS BIRTHDAY WRAP",485,17625,7030.50
"MAN FLU METAL SIGN",407,3476,7018.19
"PAINT YOUR OWN CANVAS SET",400,4330,7014.09
"HAPPY STENCIL CRAFT",533,6012,7012.61
"CUPCAKE LACE PAPER SET 6",273,3746,7006.30
"SET OF 12 FAIRY CAKE BAKING CASES",552,8486,7001.99
"12 PENCILS SMALL TUBE RED RETROSPOT",535,10460,6984.85
"WOODEN REGATTA BUNTING",381,1141,6969.44
"LIGHT GARLAND BUTTERFILES PINK",179,1850,6963.38
"CERAMIC CAKE DESIGN SPOTTED MUG",528,4640,6962.80
"BOTTLE BAG RETROSPOT ",435,3623,6935.68
"SET OF 3 BLACK FLYING DUCKS",275,1500,6932.15
"RED HEART SHAPE LOVE BUCKET ",362,2802,6931.79
"12 PENCIL SMALL TUBE WOODLAND",658,10066,6930.47
"WALL TIDY RETROSPOT ",546,3783,6924.52
"WALL MOUNTED VINTAGE ORGANISER",163,510,6924.04
"OFFICE MUG WARMER BLACK+SILVER ",300,2154,6923.90
"PAPER CHAIN KIT SKULLS ",230,2546,6907.47
"CAKE STAND LOVEBIRD 2 TIER WHITE",270,747,6905.34
"METAL MERRY CHRISTMAS WREATH",330,3199,6876.45
"SET 2 TEA TOWELS I LOVE LONDON ",264,2130,6875.88
"SMALL FAIRY CAKE FRIDGE MAGNETS",5,12236,6875.00
"TEA TIME TEAPOT IN GIFT BOX",263,887,6869.72
"WATERING CAN BLUE ELEPHANT",620,3406,6865.03
"ENAMEL WATERING CAN CREAM",356,1414,6861.19
"POPPY'S PLAYHOUSE LIVINGROOM ",564,2979,6858.92
"POLKADOT CUTLERY 24 PCS IN TRAY",79,640,6855.75
"RETROSPOT PADDED SEAT CUSHION",224,1783,6848.13
"PACK OF 20 SKULL PAPER NAPKINS",654,8584,6822.88
"BLUE PARTY BAGS ",286,3568,6822.14
"CACTI T-LIGHT CANDLES",442,15922,6808.38
"WATERING CAN PINK BUNNY",516,3565,6803.81
"SET 40 HEART SHAPE PETIT FOUR CASES",161,4303,6792.23
"ANT WHITE WIRE HEART SPIRAL",347,1778,6782.80
"CHILDRENS CUTLERY DOLLY GIRL ",291,1674,6782.76
"WALL ART CLASSIC PUDDINGS ",150,864,6762.71
"DOLLY GIRL BABY GIFT SET",133,435,6753.51
"CAKE STAND LOVEBIRD 2 TIER PINK",156,907,6732.66
"CHARLOTTE BAG DOLLY GIRL DESIGN",631,8319,6730.55
"WHEELBARROW FOR CHILDREN ",207,546,6727.91
"MINI LIGHTS WOODLAND MUSHROOMS",215,1800,6726.64
"BISCUIT TIN 50'S CHRISTMAS",309,2206,6715.93
"DOOR MAT TOPIARY",206,1043,6703.11
"VINTAGE CREAM CAT FOOD CONTAINER",386,982,6686.26
"WHITE BEADED GARLAND STRING 20LIGHT",236,1054,6683.38
"ROTATING LEAVES T-LIGHT HOLDER",501,3932,6670.58
"PINK/BROWN DOTS RUFFLED UMBRELLA",90,1919,6670.40
"CREAM SWEETHEART SHELF + HOOKS",197,961,6655.19
"PACK 20 ENGLISH ROSE PAPER NAPKINS",732,7575,6646.82
"PEARL CRYSTAL PUMPKIN T-LIGHT HLDR",342,4049,6638.25
"CHRISTMAS CRAFT WHITE FAIRY ",503,4419,6637.04
"RED RETROSPOT TEA CUP AND SAUCER ",374,1772,6613.42
"RIBBON REEL CHRISTMAS SOCK BAUBLE",555,3499,6613.26
"WRAP PINK FAIRY CAKES ",419,16761,6600.62
"FAIRY CAKE DESIGN UMBRELLA",454,1443,6600.39
"CORONA MEXICAN TRAY",396,1662,6593.83
"HALL CABINET WITH 3 DRAWERS",13,193,6567.17
"TROPICAL  HONEYCOMB PAPER GARLAND ",235,2757,6560.47
"SKULLS PARTY BAG + STICKER SET",381,4178,6553.55
"VINTAGE DONKEY TAIL GAME ",252,1815,6550.17
"GLASS JAR DIGESTIVE BISCUITS",340,2067,6548.80
"3 DRAWER ANTIQUE WHITE WOOD CABINET",202,742,6529.54
"CHRISTMAS STAR WISH LIST CHALKBOARD",438,6371,6515.60
"CHRISTMAS PUDDING TRINKET POT ",456,8786,6504.24
"EASTER CRAFT 4 CHICKS ",299,3247,6499.79
"VINTAGE CHRISTMAS STOCKING ",344,2390,6488.20
"WOODEN STAR CHRISTMAS SCANDINAVIAN",766,13357,6473.53
"JINGLE BELL HEART DECORATION",356,3828,6472.36
"DOORMAT NEIGHBOURHOOD WITCH ",169,1097,6465.47
"RED RETROSPOT PLATE ",368,3773,6461.27
"LANDMARK FRAME CAMDEN TOWN ",68,569,6457.15
"SET 3 WICKER OVAL BASKETS W LIDS",45,489,6443.95
"TRADITIONAL NAUGHTS & CROSSES",257,2859,6436.61
"LARGE ZINC HEART WALL ORGANISER",38,1065,6431.11
"CERAMIC BOWL WITH STRAWBERRY DESIGN",356,2327,6426.86
"12 MESSAGE CARDS WITH ENVELOPES",445,3469,6405.54
"PANTRY WASHING UP BRUSH",381,4097,6401.97
"PACK OF 6 SWEETIE GIFT BOXES",295,2544,6390.91
"SET OF 60 PANTRY DESIGN CAKE CASES ",629,12063,6379.59
"EMBOSSED GLASS TEALIGHT HOLDER",376,4834,6372.70
"RUSTIC  SEVENTEEN DRAWER SIDEBOARD",29,41,6365.00
"SMALL RED RETROSPOT WINDMILL",412,5118,6361.93
"REGENCY TEA PLATE PINK",305,3871,6360.91
"PINK FAIRY CAKE CHILD'S APRON",389,3440,6343.07
"SLATE TILE NATURAL HANGING",462,3968,6338.03
"SET OF 4 ENGLISH ROSE PLACEMATS",446,1529,6336.14
"SET OF 9 HEART SHAPED BALLOONS",537,5029,6330.24
"UTILTY CABINET WITH HOOKS",18,309,6324.05
"BREAD BIN DINER STYLE MINT",158,402,6320.88
"OVERNIGHT BAG VINTAGE ROSE PAISLEY",383,1066,6292.01
"SET/10 BLUE POLKADOT PARTY CANDLES",308,5188,6282.10
"BREAD BIN DINER STYLE PINK",148,391,6282.10
"CHILDRENS APRON APPLES DESIGN",445,2972,6280.52
"SMALL HEART MEASURING SPOONS",980,6722,6277.85
"FINE WICKER HEART ",427,5020,6274.05
"GLASS STAR FROSTED T-LIGHT HOLDER",293,1278,6273.44
"VANILLA SCENT CANDLE JEWELLED BOX",270,2229,6259.73
"RETRO RED SPOTTY WASHING UP GLOVES",420,3140,6259.49
"FUNKY WASHING UP GLOVES ASSORTED",471,2941,6241.68
"CITRONELLA CANDLE GARDEN POT",522,4324,6236.16
"ZINC WILLIE WINKIE  CANDLE STICK",630,6888,6233.23
"GINGHAM HEART DECORATION",519,6489,6220.44
"VICTORIAN SEWING KIT",313,5628,6218.32
"SET/20 STRAWBERRY PAPER NAPKINS ",741,7242,6213.39
"CAKE PLATE LOVEBIRD WHITE",403,1499,6210.34
"LOVE SEAT ANTIQUE WHITE METAL",41,58,6210.00
"KINGS CHOICE GIANT TUBE MATCHES",238,2664,6203.70
"CLASSIC GLASS COOKIE JAR",300,1439,6191.69
"COSY HOUR CIGAR BOX MATCHES ",365,4124,6185.58
"GREEN 3 PIECE POLKADOT CUTLERY SET",175,1652,6174.83
"PINK DRAWER KNOB ACRYLIC EDWARDIAN",313,4556,6162.61
"BUNDLE OF 3 ALPHABET EXERCISE BOOKS",345,3533,6142.29
"WOODLAND PARTY BAG + STICKER SET",437,3732,6135.50
"RIBBON REEL CHRISTMAS PRESENT ",493,3412,6131.72
"GLASS CAKE COVER AND PLATE",163,354,6126.25
"PARISIENNE JEWELLERY DRAWER ",258,813,6102.18
"36 PENCILS TUBE RED RETROSPOT",434,4824,6098.45
"GLASS JAR DAISY FRESH COTTON WOOL",496,1857,6089.42
"SET 12 KIDS COLOUR  CHALK STICKS",788,14747,6084.24
"PACK OF 12 COLOURED PENCILS",390,7554,6067.87
"6 CHOCOLATE LOVE HEART T-LIGHTS",382,2905,6057.64
"WALL ART STOP FOR TEA ",219,870,6042.15
"CHOCOLATE CALCULATOR",459,3439,6034.19
"BROWN CHECK CAT DOORSTOP ",453,1317,6014.84
"SET OF 6 TEA TIME BAKING CASES",378,4981,5988.05
"TOADSTOOL MONEY BOX",408,1952,5984.36
"WALL ART BICYCLE SAFETY",173,850,5983.90
"PACK OF 12 RED SPOTTY TISSUES ",271,22723,5982.39
"SET/10 BLUE SPOTTY PARTY CANDLES",321,4905,5971.95
"VINTAGE CHRISTMAS GIFT SACK",214,1424,5968.30
"3 PIECE SPACEBOY COOKIE CUTTER SET",408,2853,5966.25
"RECYCLED ACAPULCO MAT TURQUOISE",278,654,5949.34
"TEA BAG PLATE RED SPOTTY ",465,7131,5938.44
"CHARLIE AND LOLA FIGURES TINS",306,2073,5927.29
"GLASS HEART T-LIGHT HOLDER ",415,6889,5926.55
"DINOSAUR LUNCH BOX WITH CUTLERY",409,2418,5924.97
"DOORMAT I LOVE LONDON",194,891,5924.93
"ROUND CAKE TIN VINTAGE GREEN",302,757,5923.63
"GROW YOUR OWN BASIL IN ENAMEL MUG",472,2726,5910.21
"SET OF 4 JAM JAR MAGNETS",235,2732,5907.36
"RED RETROSPOT WRAP ",440,14501,5905.42
"PANTRY CHOPPING BOARD",57,1154,5868.50
"CHRISTMAS GINGHAM HEART",383,6872,5852.24
"WHITE CHERRY LIGHTS",106,978,5850.06
"QUEENS GUARD COFFEE MUG",272,2431,5849.29
"PACK OF 6 SKULL PAPER PLATES",416,7855,5848.68
"BOTANICAL GARDENS WALL CLOCK ",83,262,5843.92
"SAVE THE PLANET COTTON TOTE BAG",464,2593,5827.87
"FAIRY CAKE BIRTHDAY CANDLE SET",330,1581,5811.35
"METAL SIGN EMPIRE TEA",500,2913,5786.62
"DOORMAT CHRISTMAS VILLAGE",149,895,5784.67
"GARLAND WOODEN HAPPY EASTER",463,4274,5766.03
"DAIRY MAID TRADITIONAL TEAPOT ",257,910,5763.22
"RED RETROSPOT STORAGE JAR",319,1437,5756.34
"BAG 125g SWIRLY MARBLES",561,14797,5742.31
"LOVE GARLAND PAINTED ZINC ",240,3483,5728.71
"LARGE CAKE STAND HANGING HEARTS",158,737,5719.21
"HEART DECORATION PAINTED ZINC ",510,8756,5717.76
"BUTTON BOX ",381,3078,5716.64
"CHILDREN'S APRON DOLLY GIRL ",404,2734,5713.18
"SPACEBOY GIFT WRAP",446,13892,5708.64
"FANNY'S REST STOPMETAL SIGN",506,2585,5706.52
"CREAM SWEETHEART EGG HOLDER",244,1173,5700.99
"S/16 VINTAGE IVORY CUTLERY",131,428,5694.15
"SET OF 3 BABUSHKA STACKING TINS",176,1129,5690.57
"HEART DECORATION WITH PEARLS ",581,6327,5687.78
"RED SPOTTY BOWL",422,4630,5661.44
"SMALL HEART FLOWERS HOOK ",462,6642,5637.13
"KEY FOB , SHED",835,8472,5632.05
"SKULL AND CROSSBONES  GARLAND ",282,3618,5628.89
"RED RETROSPOT CHILDRENS UMBRELLA",342,1647,5620.49
"CHINESE DRAGON PAPER LANTERNS",244,15694,5604.14
"GROW YOUR OWN HERBS SET OF 3",264,705,5601.05
"ANTIQUE GLASS PEDESTAL BOWL",299,1368,5591.00
"FRENCH WC SIGN BLUE METAL",425,4492,5590.61
"KEY CABINET MA CAMPAGNE",135,677,5590.27
"PINK POLKADOT BOWL",412,4324,5589.71
"RED RETROSPOT OVEN GLOVE DOUBLE",352,1448,5587.96
"ORGANISER WOOD ANTIQUE WHITE ",310,671,5577.93
"RED STAR CARD HOLDER",345,2041,5573.11
"WHITE JEWELLED HEART DECORATION",469,6440,5567.01
"WALL ART BIG LOVE ",112,979,5559.11
"LARGE RED SPOT WINDMILL",52,2945,5554.92
"MILK PAN RED RETROSPOT",392,1416,5537.49
"DOOR MAT UNION JACK GUNS AND ROSES",226,800,5532.86
"RED GINGHAM TEDDY BEAR ",349,1901,5529.07
"TREASURE ISLAND BOOK BOX",267,2535,5528.04
"LARGE IVORY HEART WALL ORGANISER",155,782,5525.40
"RED SPOTTY PLATE ",289,3350,5523.20
"SET OF 5 LUCKY CAT MAGNETS ",255,2635,5517.99
"LUNCH BAG PAISLEY PARK  ",325,3395,5513.83
"COSY HOUR GIANT TUBE MATCHES",260,2211,5508.45
"SET OF 9 BLACK SKULL BALLOONS",443,6566,5505.41
"HOME SMALL WOOD LETTERS",401,1020,5505.03
"MAGIC DRAWING SLATE SPACEBOY ",577,12871,5504.20
"MINI CAKE STAND WITH HANGING CAKES",410,3813,5502.08
"PURPLE DRAWERKNOB ACRYLIC EDWARDIAN",283,3879,5501.31
"GLASS HONEYPOT WASP CATCHER",343,2958,5501.12
"36 PENCILS TUBE SKULLS",557,4163,5497.33
"VINTAGE BILLBOARD TEA MUG",279,5157,5485.68
"WRAP ENGLISH ROSE ",440,13298,5477.40
"CHARLIE + LOLA BISCUITS TINS",260,1377,5470.97
"CREAM SWEETHEART MAGAZINE RACK",180,310,5460.64
"ROCKING HORSE RED CHRISTMAS ",511,6091,5445.43
"LARGE RED RETROSPOT WINDMILL",234,2716,5442.90
"SET OF 3 CASES WOODLAND DESIGN",237,943,5441.86
"60 CAKE CASES DOLLY GIRL DESIGN",609,10289,5438.00
"ILLUSTRATED CAT BOWL ",210,1914,5430.77
"EMPIRE UNION JACK TV DINNER TRAY",269,1358,5426.22
"SMALL ZINC HEART WALL ORGANISER",45,1541,5416.18
"CHARLOTTE BAG VINTAGE ALPHABET ",445,5459,5407.58
"SET OF THREE VINTAGE GIFT WRAPS",248,2897,5404.06
"KASHMIR FOLKART TUMBLERS",124,2543,5396.64
"CAKE STAND LACE WHITE",264,1235,5378.41
"VINTAGE DOILY DELUXE SEWING KIT ",205,813,5377.81
"RETRO SPORT PARTY BAG + STICKER SET",254,3448,5376.68
"FLORAL FOLK STATIONERY SET",577,2907,5366.54
"WOOLLY HAT SOCK GLOVE ADVENT STRING",188,1739,5347.75
"SWALLOWS GREETING CARD",685,13059,5333.92
"ASSORTED COLOUR T-LIGHT HOLDER",274,8027,5331.65
"TRAVEL CARD WALLET KEEP CALM",534,12490,5314.90
"ALPHABET STENCIL CRAFT",343,4630,5296.40
"RED SPOTTY PEG BAG",364,2665,5289.19
"12 PENCILS SMALL TUBE RED SPOTTY",367,8225,5281.93
"RETROSPOT LAMP",214,497,5278.59
"RED METAL BEACH SPADE ",467,4047,5274.07
"FAIRY CAKE CANDLES",127,3868,5270.84
"WATERING CAN GREEN DINOSAUR",423,2812,5259.36
"CITRONELLA CANDLE FLOWERPOT",391,2783,5254.66
"BISCUIT TIN VINTAGE RED",230,807,5253.53
"VINTAGE BILLBOARD DRINK ME MUG",472,4475,5252.70
"TV DINNER TRAY DOLLY GIRL",249,1109,5246.24
"3 HOOK HANGER MAGIC GARDEN",223,2788,5245.52
"TABLECLOTH RED APPLES DESIGN ",192,569,5228.78
"METAL SIGN HER DINNER IS SERVED ",230,1769,5222.49
"DOORMAT WELCOME SUNRISE",218,761,5221.99
"SMALL IVORY HEART WALL ORGANISER",152,1034,5219.10
"SEWING BOX RETROSPOT DESIGN ",187,394,5215.01
"GLAMOROUS  MUG",330,5125,5213.49
"ENAMEL WASH BOWL CREAM",372,1348,5198.99
"AIRLINE BAG VINTAGE JET SET RED",430,1042,5197.47
"SET OF 3 WOODEN HEART DECORATIONS",445,3893,5184.69
"METAL SIGN NEIGHBOURHOOD WITCH ",402,2417,5182.86
"SET OF 6 NATIVITY MAGNETS ",163,2570,5170.10
"CHRISTMAS GINGHAM STAR",415,5812,5169.16
"RETRO SPOT LAMP",196,511,5164.42
"PENS ASSORTED FUNNY FACE",287,12757,5153.28
"36 PENCILS TUBE WOODLAND",485,3856,5149.99
"LARGE CERAMIC TOP STORAGE JAR",280,3118,5147.66
"STRAWBERRY RAFFIA FOOD COVER",319,1419,5144.38
"REGENCY TEA STRAINER",176,1412,5143.69
"36 FOIL HEART CAKE CASES",256,2617,5130.22
"PINK OWL SOFT TOY",362,1754,5127.97
"RED SPOTS  WRAP ",362,12700,5126.00
"6 RIBBONS ELEGANT CHRISTMAS ",358,3384,5122.94
"FIVE HEART HANGING DECORATION",389,1626,5119.71
"SKULLS  WATER TRANSFER TATTOOS ",503,6131,5119.69
"WASH BAG VINTAGE ROSE PAISLEY",373,1956,5112.83
"WOODLAND DESIGN  COTTON TOTE BAG",380,2224,5108.42
"HAND WARMER RED POLKA DOT",46,2712,5101.20
"FOOT STOOL HOME SWEET HOME ",217,489,5097.65
"CHOCOLATE BOX RIBBONS ",562,4017,5095.09
"BISCUIT TIN VINTAGE CHRISTMAS",277,1725,5088.45
"DOCTOR'S BAG SOFT TOY",195,559,5086.63
"FELTCRAFT GIRL AMELIE KIT",275,1012,5083.89
"SET OF 12 MINI LOAF BAKING CASES",444,6140,5078.43
"PANTRY MAGNETIC  SHOPPING LIST",475,3346,5068.40
"DOORMAT FRIENDSHIP ",95,854,5067.02
"PORCELAIN BUTTERFLY OIL BURNER",371,1596,5057.77
"POLYESTER FILLER PAD 40x40cm",380,3486,5054.70
"PIZZA PLATE IN BOX",369,1280,5050.01
"PACK OF SIX LED TEA LIGHTS",203,1766,5048.72
"PACK OF 6 HANDBAG GIFT BOXES",349,1903,5044.80
"VINTAGE CHRISTMAS TABLECLOTH",117,409,5037.96
"SET/6 PURPLE BUTTERFLY T-LIGHTS",399,2243,5032.95
"SET/3 OCEAN SCENT CANDLE JEWEL BOX",244,1119,5023.97
"SET 3 PAPER VINTAGE CHICK PAPER EGG",214,1778,5023.50
"BLUE SAVANNAH PICNIC HAMPER FOR 2",182,602,5016.91
"POTTING SHED TWINE",290,2412,5011.31
"WALL ART KEEP CALM ",83,968,5003.04
"DOORMAT PEACE ON EARTH BLUE",93,899,5000.60
"BUBBLEGUM RING ASSORTED",245,12050,4997.28
"ENGLISH ROSE DESIGN PEG BAG",410,2389,4993.52
"SET OF 4 NAPKIN CHARMS CUTLERY",244,2027,4983.12
"LANDMARK FRAME COVENT GARDEN ",53,439,4974.51
"TRADITIONAL PICK UP STICKS GAME ",276,2782,4944.37
"APPLE BATH SPONGE",509,3646,4937.62
"HEART WOODEN CHRISTMAS DECORATION",415,5386,4930.01
"ANTIQUE TALL SWIRLGLASS TRINKET POT",268,1211,4924.62
"HOOK, 5 HANGER ,MAGIC TOADSTOOL RED",175,3156,4915.40
"STRAWBERRY BATH SPONGE ",514,3684,4901.57
"CIRCUS PARADE BABY GIFT SET",111,316,4896.55
"FRYING PAN RED POLKADOT ",188,1211,4894.39
"ROLL WRAP 50'S CHRISTMAS",354,3539,4880.65
"DAIRY MAID LARGE MILK JUG",342,959,4877.81
"TEA PARTY BIRTHDAY CARD",845,11459,4877.11
"PEACE WOODEN BLOCK LETTERS",291,801,4873.03
"PARTY CONES CANDY ASSORTED",195,4013,4872.09
"PLAYING CARDS KEEP CALM & CARRY ON",335,3646,4864.30
"GROW YOUR OWN FLOWERS SET OF 3",172,877,4852.77
"WOODLAND  HEIGHT CHART STICKERS ",258,1680,4844.34
"ASSTD DESIGN BUBBLE GUM RING",476,23013,4840.47
"BALLOONS  WRITING SET ",643,2535,4836.13
"LANDMARK FRAME OXFORD STREET",57,424,4830.53
"HOOK, 5 HANGER , MAGIC TOADSTOOL",258,3001,4824.90
"RETROSPOT GIANT TUBE MATCHES",182,2099,4823.25
"LANDMARK FRAME NOTTING HILL ",50,424,4818.07
"COFFEE MUG BLUE PAISLEY DESIGN",167,2428,4816.98
"SET 12 RETRO WHITE CHALK STICKS",713,11154,4815.77
"SPACEBOY TV DINNER TRAY",253,981,4815.36
"BALLOON PUMP WITH 10 BALLOONS",281,2587,4811.49
"MAGNETS PACK OF 4 CHILDHOOD MEMORY",277,4092,4799.60
"RED SPOTTY CHILDS UMBRELLA",247,1484,4794.29
"COFFEE MUG PINK PAISLEY DESIGN",144,2293,4777.83
"TEA BAG PLATE RED RETROSPOT",496,5443,4776.69
"FRENCH BATHROOM SIGN BLUE METAL",370,2870,4775.95
"SET OF 5 PANCAKE DAY MAGNETS",223,2321,4771.76
"BULL DOG BOTTLE OPENER",264,874,4764.50
"TRADTIONAL ALPHABET STAMP SET",192,961,4752.31
"BLUE VINTAGE SPOT BEAKER",222,5048,4747.62
"LANDMARK FRAME LONDON BRIDGE ",52,418,4741.37
"BLUE POLKADOT BOWL",385,3724,4734.47
"CHRISTMAS RETROSPOT ANGEL WOOD",417,5425,4732.39
"CAMOUFLAGE DESIGN TEDDY",64,2225,4727.66
"SPACEBOY MINI BACKPACK",233,1109,4726.59
"MONSTERS STENCIL CRAFT",393,4013,4726.05
"CHARLIE+LOLA RED HOT WATER BOTTLE ",314,1154,4723.15
"TOILET METAL SIGN",913,8507,4712.05
"TREASURE TIN GYMKHANA DESIGN",363,2184,4709.07
"FANCY FONT BIRTHDAY CARD, ",665,11302,4707.38
"ABC TREASURE BOOK BOX ",226,2167,4697.58
"UNION JACK FLAG PASSPORT COVER ",411,1965,4692.08
"DOOR MAT BIRD ON THE WIRE",202,667,4691.77
"RED SPOTTY CHILDS APRON",296,2510,4686.03
"MAKE YOUR OWN FLOWERPOWER CARD KIT",351,1539,4684.21
"SET OF 3 CAKE TINS SKETCHBOOK",297,1022,4678.71
"IVORY GIANT GARDEN THERMOMETER",216,762,4655.97
"BLUE PAPER PARASOL ",189,1673,4655.94
"PINK  SPOTTY PLATE ",239,2867,4650.16
"MODERN FLORAL STATIONERY SET",497,2500,4646.23
"RED SPOTTY APRON ",204,795,4644.06
"RIBBON REEL MAKING SNOWMEN ",403,2573,4643.23
"STAR WOODEN CHRISTMAS DECORATION",405,5127,4631.33
"CERAMIC CAKE DESIGN SPOTTED PLATE",364,2934,4625.49
"TRAY, BREAKFAST IN BED",120,361,4608.86
"FEATHER PEN,HOT PINK",376,6748,4603.92
"POPPY'S PLAYHOUSE BATHROOM",402,2088,4602.72
"CHRISTMAS GINGHAM TREE",412,5011,4599.97
"PACK OF 6 SANDCASTLE FLAGS ASSORTED",403,5596,4595.79
"PACK OF 20 NAPKINS RED APPLES",485,5674,4590.55
"BLUE POLKADOT PLATE ",241,2755,4589.06
"VINTAGE BILLBOARD LOVE/HATE MUG",373,4398,4587.91
"PINK  HEART SHAPE LOVE BUCKET ",294,1968,4580.57
"BOOM BOX SPEAKER BOYS",171,909,4578.19
"PINK VINTAGE SPOT BEAKER",191,4807,4572.41
"RED PAPER PARASOL",227,1598,4568.51
"HOME SWEET HOME BLACKBOARD",169,1011,4561.76
"SET OF 3 HANGING OWLS OLLIE BEAK",325,3749,4557.97
"S/4 BLUE ROUND DECOUPAGE BOXES",67,8313,4555.64
"SET OF 16 VINTAGE PISTACHIO CUTLERY",133,382,4553.94
"SET/3 ROSE CANDLE IN JEWELLED BOX",222,981,4551.41
"OFFICE MUG WARMER POLKADOT",269,1321,4543.25
"SET OF 12 ROSE BOTANICAL T-LIGHTS",194,1628,4541.12
"SET OF 60 I LOVE LONDON CAKE CASES ",407,8332,4527.20
"ANTIQUE GLASS HEART DECORATION ",182,2255,4526.78
"SMALL RED RETROSPOT MUG IN BOX ",236,1528,4526.70
"SANDWICH BATH SPONGE",420,3165,4518.18
"REGENCY SUGAR TONGS",209,1832,4515.22
"PARISIENNE CURIO CABINET",241,547,4514.58
"PIG KEYRING WITH LIGHT & SOUND ",202,3967,4507.13
"CHRISTMAS HANGING STAR WITH BELL",344,7114,4496.76
"PACK OF 12 SKULL TISSUES",479,15917,4484.51
"HEADS AND TAILS SPORTING FUN",428,3585,4483.10
"SMALL CERAMIC TOP STORAGE JAR ",231,5847,4476.01
"ANTIQUE ALL GLASS CANDLESTICK",299,2365,4457.00
"GREEN VINTAGE SPOT BEAKER",185,4625,4444.23
"WALL ART ONLY ONE PERSON ",86,1056,4436.27
"VINTAGE SEASIDE JIGSAW PUZZLES",298,1157,4430.70
"CHILDS APRON SPACEBOY DESIGN",310,2334,4430.42
"WILLOW BRANCH LIGHTS.",79,725,4423.69
"S/4 VALENTINE DECOUPAGE HEART BOX",287,2128,4422.83
"PEG BAG APPLES DESIGN",338,1708,4422.22
"MAKE YOUR OWN MONSOON CARD KIT",300,1565,4414.19
"RETRO SPOT SMALL MILK JUG",297,1730,4408.66
"TEA TIME DES TEA COSY",344,1697,4405.46
"FRENCH ENAMEL CANDLEHOLDER",378,2046,4401.12
"OCEAN SCENT CANDLE IN JEWELLED BOX",212,1590,4394.94
"FANCY FONT HOME SWEET HOME DOORMAT",164,663,4378.65
"CHEST OF DRAWERS GINGHAM HEART ",140,250,4375.26
"PINK SPOTTY BOWL",348,3583,4370.18
"SANDALWOOD FAN",306,5119,4361.73
"RETRO SPOT MUG",154,1487,4360.71
"BOYS ALPHABET IRON ON PATCHES",217,20799,4360.46
"ROLL WRAP VINTAGE CHRISTMAS",337,3231,4355.10
"VINTAGE UNION JACK SHOPPING BAG",195,909,4353.75
"SET OF 2 TINS VINTAGE BATHROOM ",279,947,4349.33
"RETROSPOT RED WASHING UP GLOVES",432,2019,4349.26
"GREY FLORAL FELTCRAFT SHOULDER BAG",296,1144,4338.83
"LUNCH BOX WITH CUTLERY FAIRY CAKES ",297,1591,4327.86
"CHRISTMAS RETROSPOT STAR WOOD",429,4961,4320.05
"TOAST ITS - I LOVE YOU ",341,3527,4315.58
"CLASSIC CAFE SUGAR DISPENSER",325,3076,4312.60
"CERAMIC STRAWBERRY MONEY BOX",293,1628,4310.55
"12 PENCILS TALL TUBE SKULLS",576,4928,4309.25
"PINK  POLKADOT PLATE ",239,2573,4300.54
"RED SPOTTY TABLECLOTH ",139,393,4294.69
"RECYCLED ACAPULCO MAT GREEN",205,497,4286.55
"SET OF 6 HERB TINS SKETCHBOOK",295,1169,4282.57
"RED RETROSPOT APRON ",195,710,4270.42
"FLOWER VINE RAFFIA FOOD COVER",319,1121,4269.92
"MAGIC DRAWING SLATE DOLLY GIRL ",464,10082,4264.20
"36 PENCILS TUBE RED SPOTTY",275,3395,4252.11
"SET 20 NAPKINS FAIRY CAKES DESIGN ",523,5221,4250.11
"RED RETROSPOT CUP",469,4822,4249.23
"LOVE HEART POCKET WARMER",290,4482,4239.52
"SET 12 LAVENDER  BOTANICAL T-LIGHTS",218,1516,4239.40
"SET OF 6 T-LIGHTS TOADSTOOLS",294,1421,4229.82
"SET OF 16 VINTAGE ROSE CUTLERY",122,349,4228.66
"GLASS BON BON JAR",225,2355,4217.73
"STAR PORTABLE TABLE LIGHT ",182,1447,4209.57
"GLASS APOTHECARY BOTTLE PERFUME",246,1074,4208.96
"ZINC T-LIGHT HOLDER STARS SMALL",274,5089,4197.83
"PARTY CONES CARNIVAL ASSORTED",155,3498,4190.61
"SWEETHEART CREAM STEEL FOLDIN BENCH",94,210,4189.50
"SMALL DOLLY MIX DESIGN ORANGE BOWL",733,6314,4164.17
"MOUSE TOY WITH PINK T-SHIRT",442,1086,4163.45
"KEY FOB , BACK DOOR ",688,6300,4158.86
"PARISIENNE KEY CABINET ",255,702,4158.68
"RETRO SPOTS BUTTER DISH",173,869,4152.77
"KINGS CHOICE CIGAR BOX MATCHES ",286,3456,4151.28
"ANTIQUE HEART SHELF UNIT",74,275,4145.47
"IVY HEART WREATH",171,567,4139.33
"12 PENCILS TALL TUBE WOODLAND",513,4782,4125.99
"GARDEN METAL SIGN ",344,2569,4125.64
"DOORMAT VINTAGE LEAF",142,564,4122.20
"UNION JACK HOT WATER BOTTLE ",183,658,4118.84
"GARLAND WITH HEARTS AND BELLS",205,841,4116.57
"LADYBIRD + BEE RAFFIA FOOD COVER",285,1066,4115.32
"SKULLS  STICKERS",370,4955,4109.15
"CHILDRENS CUTLERY CIRCUS PARADE",158,1015,4101.37
"SET OF 4 NAPKIN CHARMS HEARTS",275,1679,4097.54
"BUFFALO BILL TREASURE BOOK BOX",175,1930,4097.28
"HEN HOUSE DECORATION",300,2508,4090.40
"OFFICE MUG WARMER CHOC+BLUE",249,1163,4088.83
"GLASS CLOCHE SMALL",193,1037,4087.89
"I LOVE LONDON BABY GIFT SET",103,263,4082.52
"BROCANTE COAT RACK",84,486,4073.41
"HANGING FAIRY CAKE DECORATION",188,2171,4068.32
"WHITE TALL PORCELAIN T-LIGHT HOLDER",211,1818,4067.68
"HOOK, 1 HANGER ,MAGIC GARDEN",413,4717,4063.49
"EASTER TIN BUCKET",176,1562,4062.54
"TOOL BOX SOFT TOY ",222,407,4059.16
"GLASS CLOCHE LARGE",99,479,4058.06
"ASSORTED TUTTI FRUTTI SMALL PURSE",231,2997,4056.71
"VINTAGE CHRISTMAS CAKE FRILL",151,2512,4053.88
"WHITE BELL HONEYCOMB PAPER ",216,2237,4043.89
"CERAMIC PLATE STRAWBERRY DESIGN",260,3081,4043.02
"CREAM FELT EASTER EGG BASKET",318,2358,4034.06
"REX CASH+CARRY JUMBO SHOPPER",1902,4240,4028.00
"EMPIRE DESIGN ROSETTE",87,4553,4023.39
"RED SPOTTY CUP",434,4767,4017.30
"HOOK, 3 HANGER ,MAGIC GARDEN",208,2042,4006.50
"PACK OF 6 SKULL PAPER CUPS",385,6438,4001.71
"ROSE SCENT CANDLE IN JEWELLED BOX",186,955,4000.87
"HEART SHAPED HOLLY WREATH",172,950,3999.50
"WRAP CHRISTMAS VILLAGE",283,9776,3997.92
"GLASS JAR KINGS CHOICE",194,1255,3996.17
"UNION JACK GUNS & ROSES  DOORMAT",102,766,3993.86
"GARLAND WITH STARS AND BELLS",184,848,3987.40
"TEA COSY VINTAGE UNION JACK",109,1001,3984.99
"JOY WOODEN BLOCK LETTERS",271,823,3984.85
"SET OF 36 DOILIES PANTRY DESIGN",244,2741,3983.60
"SPOTTY  HOME SWEET HOME DOORMAT",120,666,3978.34
"CHARLOTTE BAG PINK WITH WHITE SPOTS",319,4349,3964.62
"3D DOG PICTURE PLAYING CARDS",218,1347,3962.77
"PENCIL CASE LIFE IS BEAUTIFUL",271,1285,3945.92
"SKULL DESIGN TV DINNER TRAY",256,781,3940.48
"WALL ART DOG LICENCE ",114,604,3939.76
"PINK DIAMANTE PEN IN GIFT BOX",264,1649,3937.40
"IVORY ENCHANTED FOREST PLACEMAT",242,2132,3934.65
"POLYESTER FILLER PAD 45x45cm",353,2537,3932.35
"MULTICOLOUR SPRING FLOWER MUG",204,13680,3932.18
"FELTCRAFT DOLL MARIA",300,1397,3930.96
"LANDMARK FRAME BAKER STREET ",32,350,3930.27
"SET 10 NIGHT OWL LIGHTS",170,506,3915.48
"PANTRY SCRUBBING BRUSH",291,2366,3914.96
"GREEN METAL BOX ARMY SUPPLIES",135,468,3914.50
"CINAMMON & ORANGE WREATH",177,1132,3911.10
"BISCUIT TIN VINTAGE GREEN",176,602,3905.76
"RECYCLED ACAPULCO MAT RED",186,456,3896.84
"SET/4 BLUE FLOWER CANDLES IN BOWL",255,2487,3888.57
"SET OF SALT AND PEPPER TOADSTOOLS",265,3165,3888.21
"ELEPHANT CARNIVAL POUFFE",115,201,3885.73
"CARDHOLDER GINGHAM CHRISTMAS TREE",208,1359,3884.75
"MIRROR, ARCHED GEORGIAN",1,200,3884.00
"BICYCLE PUNCTURE REPAIR KIT ",116,1864,3883.99
"VINTAGE RED TEATIME MUG",266,4800,3883.22
"JAM JAR WITH PINK LID",354,4638,3878.85
"HEART GARLAND RUSTIC PADDED",260,1261,3877.46
"12 IVORY ROSE PEG PLACE SETTINGS",336,2799,3872.64
"PLEASE ONE PERSON  METAL SIGN",178,1869,3872.27
"BIRDHOUSE GARDEN MARKER ",317,2784,3867.19
"BLUE  SPOTTY PLATE ",204,2406,3863.01
"EMERGENCY FIRST AID TIN ",468,2860,3857.23
"DINOSAURS  WRITING SET ",555,2126,3857.20
"RED DRAWER KNOB ACRYLIC EDWARDIAN",184,2981,3856.28
"WHITE HANGING BEADS CANDLE HOLDER",144,729,3854.65
"S/4 PINK FLOWER CANDLES IN BOWL",434,2141,3854.31
"3D VINTAGE CHRISTMAS STICKERS ",299,2796,3847.26
"CARDHOLDER GINGHAM STAR",238,1389,3845.52
"KEY FOB , GARAGE DESIGN",475,6024,3843.97
"WOODEN TREE CHRISTMAS SCANDINAVIAN",550,7195,3841.87
"ENAMEL COLANDER CREAM",278,745,3839.63
"PARISIENNE SEWING BOX",138,312,3839.24
"MINI JIGSAW SPACEBOY",341,9545,3826.98
"NEWSPAPER STAND",53,338,3825.25
"GYMKHANA TREASURE BOOK BOX",200,1719,3824.53
"CHARLIE AND LOLA CHARLOTTE BAG",269,2553,3824.13
"CAST IRON HOOK GARDEN FORK",173,1532,3820.95
"ROMANTIC PINKS RIBBONS ",501,3038,3820.01
"DAIRY MAID STRIPE MUG",158,2540,3812.30
"MAGNETS PACK OF 4 SWALLOWS",430,4334,3809.15
"CHARLOTTE BAG , SUKI DESIGN",339,4409,3799.14
"CHALKBOARD KITCHEN ORGANISER",45,179,3795.68
"PINK HEART DOTS HOT WATER BOTTLE",294,1154,3794.05
"FLAG OF ST GEORGE CAR FLAG",62,1004,3791.67
"16 PIECE CUTLERY SET PANTRY DESIGN",69,254,3785.06
"RED SPOTTY OVEN GLOVE ",339,2820,3783.37
"POMPOM CURTAIN",133,751,3777.99
"SET/3 DECOUPAGE STACKING TINS",224,725,3776.34
"LARGE ANTIQUE WHITE PHOTO FRAME",135,525,3773.58
"FOOD COVER WITH BEADS SET 2 ",145,1012,3772.88
"STORAGE TIN VINTAGE DOILY ",190,1288,3751.02
"CHARLOTTE BAG , PINK/WHITE SPOTS",359,4455,3742.08
"CHRISTMAS RETROSPOT HEART WOOD",289,4565,3741.23
"SAVOY ART DECO CLOCK",146,417,3735.28
"SET OF 3 BLUE STRIPE BASKET",80,441,3734.94
"BLUE POLKADOT CUP",399,4248,3719.15
"TOILET SIGN OCCUPIED OR VACANT",433,3777,3718.09
"CINDERELLA CHANDELIER ",23,221,3717.56
"SKULLS AND CROSSBONES WRAP",267,9115,3716.30
"RED SPOTTY OVEN GLOVE DOUBLE",173,1284,3715.23
"SET 3 WICKER STORAGE BASKETS ",84,254,3712.30
"MAGIC DRAWING SLATE PURDEY",351,9521,3708.13
" RED/WHITE DOT MINI CASES",145,492,3704.54
"UNION JACK FLAG LUGGAGE TAG",453,2227,3703.64
"FLORAL ELEPHANT SOFT TOY",139,912,3699.76
"SILVER CHRISTMAS TREE BAUBLE STAND ",126,216,3684.13
"RIBBON REEL SPOTS DESIGN ",277,2220,3683.43
"TOTE BAG I LOVE LONDON",199,1797,3680.88
"GLASS APOTHECARY BOTTLE TONIC",223,925,3678.11
"MISTLETOE HEART WREATH GREEN",179,882,3676.18
"FUSCHIA RETRO BAR STOOL",36,102,3672.35
"SHOE SHINE BOX ",178,302,3657.68
"RETRO SPOT  CIGAR BOX MATCHES ",190,3108,3657.00
"CHEST NATURAL WOOD 20 DRAWERS",18,32,3655.00
"BLUE POLKADOT WRAP",264,9102,3652.84
"CHRISTMAS METAL POSTCARD WITH BELLS",158,4913,3646.62
"NURSE'S BAG SOFT TOY",182,394,3645.40
"WRAP RED APPLES ",295,8853,3638.26
"LADS ONLY TISSUE BOX",284,3379,3637.62
"COWBOYS AND INDIANS BIRTHDAY CARD ",628,8817,3637.03
"CHRISTMAS RETROSPOT TREE WOOD",388,4225,3635.56
"ANTIQUE SILVER BAUBLE LAMP  ",78,381,3635.23
"SET OF 6 SNACK LOAF BAKING CASES",354,4420,3631.05
"SWISS ROLL TOWEL, PINK  SPOTS",150,1528,3617.81
"WHITE ROCKING HORSE HAND PAINTED",192,2902,3617.78
"LARGE WHITE HONEYCOMB PAPER BELL  ",201,1544,3610.52
"DRAWER KNOB CRACKLE GLAZE IVORY",194,2162,3608.58
"LUNCHBOX WITH CUTLERY FAIRY CAKES ",196,1454,3605.33
"RAIN PONCHO WITH RED SPOTS",161,4728,3593.82
"BOX OF 9 PEBBLE CANDLES",308,1793,3589.50
"CLASSIC FRENCH STYLE BASKET NATURAL",178,716,3585.98
"ZINC HERB GARDEN CONTAINER",204,567,3585.39
"COLOURED GLASS STAR T-LIGHT HOLDER",52,1013,3584.91
"CLASSIC CHROME BICYCLE BELL ",193,2501,3582.97
"DINOSAUR PARTY BAG + STICKER SET",264,2248,3582.06
"NO JUNK MAIL METAL SIGN",505,4322,3570.87
"RED RETRO BAR STOOL",37,101,3570.87
"IVORY WICKER HEART LARGE",287,2076,3570.76
"BIRDS MOBILE VINTAGE DESIGN",180,602,3568.82
"PINK HAWAIIAN PICNIC HAMPER FOR 4",61,499,3560.09
"BUNDLE OF 3 RETRO NOTE BOOKS",276,2158,3557.94
"6 RIBBONS EMPIRE  ",375,2380,3542.43
"ENAMEL FIRE BUCKET CREAM",191,480,3540.58
"LOVE HEART NAPKIN BOX ",221,790,3538.76
"CREAM WALL PLANTER HEART SHAPED",183,608,3534.77
"BLACK RETRO BAR STOOL",31,99,3533.90
"MINATURE COLOURED GARDENING SET",178,738,3532.37
"6 GIFT TAGS VINTAGE CHRISTMAS ",327,4016,3517.52
"TEA COSY RED  STRIPE",266,1344,3517.33
"RED FLOWER CROCHET FOOD COVER",275,937,3517.29
"POLKA DOT RAFFIA FOOD COVER",210,1173,3512.01
"MAGIC DRAWING SLATE CIRCUS PARADE  ",402,8122,3511.34
"SET OF 12 FORK CANDLES",141,1249,3507.51
"LUNCHBOX WITH CUTLERY RETROSPOT ",231,1421,3504.84
"SET OF 4 ENGLISH ROSE COASTERS",532,2515,3497.42
"TEA TIME TEA SET IN GIFT BOX",177,490,3478.66
"SKULLS WRITING SET ",495,1967,3476.94
"KEY FOB , FRONT  DOOR ",474,5457,3472.74
"CUPBOARD 3 DRAWER MA CAMPAGNE",133,216,3468.10
"CAKE STAND VICTORIAN FILIGREE MED",209,613,3465.22
"BALLOON WATER BOMB PACK OF 35",292,8676,3463.67
"RUSTIC WOODEN CABINET, GLASS DOORS",25,183,3462.49
"PEACE SMALL WOOD LETTERS",167,476,3461.72
"STRAWBERRY LUNCHBOX WITH CUTLERY",183,1450,3459.19
"ROLL WRAP VINTAGE SPOT ",305,2721,3456.33
"BLUE SPOTTY BOWL",308,2849,3455.94
"METAL SHELF WITH RAIL ",185,378,3451.82
"METAL SIGN DROP YOUR PANTS",206,1277,3450.21
"CABIN BAG VINTAGE PAISLEY",54,149,3447.20
"12 PENCILS TALL TUBE RED RETROSPOT",383,3982,3446.02
"CHARLIE LOLA BLUE HOT WATER BOTTLE ",271,869,3445.27
"ANGEL DECORATION 3 BUTTONS ",317,7986,3440.73
"CAST IRON HOOK GARDEN TROWEL",172,1394,3440.58
"SET OF 5 MINI GROCERY MAGNETS",205,1672,3437.85
"6 GIFT TAGS 50'S CHRISTMAS ",322,3743,3431.89
"CHERRY BLOSSOM  DECORATIVE FLASK",269,844,3428.88
"WOODLAND MINI BACKPACK",152,820,3427.94
"GLASS APOTHECARY BOTTLE ELIXIR",209,858,3427.48
"FELTCRAFT GIRL NICOLE KIT",182,669,3427.35
"DOOR MAT FRIENDSHIP ",179,469,3426.99
"CERAMIC STRAWBERRY DESIGN MUG",243,2718,3425.94
"CERAMIC STRWBERRY DESIGN MUG",215,2366,3421.41
"PINK AND LILAC QUILTED THROW ",30,87,3402.32
"SET OF 4 KNICK KNACK TINS POPPIES",178,853,3399.49
"SWEETHEART WIRE MAGAZINE RACK",209,402,3399.24
"WATERING CAN GARDEN MARKER",276,2443,3398.03
"SET OF 72 SKULL PAPER  DOILIES",237,2422,3390.29
"PINK PADDED MOBILE",245,803,3385.95
"DOOR MAT AIRMAIL ",139,457,3381.69
"SQUARE MIRROR CURTAIN",53,347,3381.62
"ASSORTED CREEPY CRAWLIES",256,8119,3380.94
"FLUTED ANTIQUE CANDLE HOLDER",262,3632,3380.50
"TEA FOR ONE POLKADOT",230,692,3379.44
"VINTAGE  2 METRE FOLDING RULER",152,1628,3375.70
"S/16 VINTAGE RED CUTLERY",39,288,3375.25
"CAKE PLATE LOVEBIRD PINK",175,728,3374.78
"LIPSTICK PEN RED",509,7067,3374.55
"EMPIRE GIFT WRAP",261,8300,3372.00
"SWEETHEART 3 TIER CAKE STAND ",158,284,3371.58
"CAMOFLAGE DESIGN TEDDY",44,1586,3368.92
"PINK  POLKADOT CUP",382,3763,3366.65
"PINK POLKADOT WRAP ",260,8300,3366.00
"SET OF 4 DIAMOND NAPKIN RINGS",99,426,3364.50
"SET 12 KIDS  WHITE CHALK STICKS",467,8082,3358.33
"3D TRADITIONAL CHRISTMAS STICKERS",302,2546,3356.52
"BLUE OWL SOFT TOY",257,1105,3354.00
"LOVE HEART SOCK HANGER",265,2000,3348.92
"EUCALYPTUS & PINECONE  WREATH",158,917,3340.71
"WALL MIRROR , DIAMANTE OVAL SHAPE",129,425,3331.91
"ROCKING HORSE GREEN CHRISTMAS ",362,3686,3326.77
"PINK SPOTTY CHILDS UMBRELLA",206,1007,3315.61
"LARGE DECO JEWELLERY STAND",95,264,3314.94
"SOAP DISH BROCANTE",169,1156,3314.12
"FAIRY SOAP SOAP HOLDER",293,1972,3309.99
"HEART SHAPED MIRROR",212,2015,3308.65
"BELLE JARDINIERE CUSHION COVER",210,761,3305.83
"EASTER TREE YELLOW BIRDS",149,514,3303.71
"SWISS ROLL TOWEL, CHOCOLATE  SPOTS",214,1409,3300.60
"DINOSAUR KEYRINGS ASSORTED",409,15269,3297.92
"GLITTER HEART GARLAND WITH BELLS ",180,836,3297.75
"SET OF 2 FANCY FONT TEA TOWELS",191,1097,3295.98
"SET OF 6 KASHMIR FOLKART BAUBLES",194,1168,3291.53
"GREEN DRAWER KNOB ACRYLIC EDWARDIAN",226,2471,3291.28
"BLACK AND WHITE PAISLEY FLOWER MUG",33,25707,3288.65
"CHERRY CROCHET FOOD COVER",254,1031,3286.25
"JAM JAR WITH GREEN LID",317,3929,3285.68
"JAZZ HEARTS PURSE NOTEBOOK",433,6224,3285.58
"SET OF 60 VINTAGE LEAF CAKE CASES ",382,6151,3279.21
"CHILDREN'S SPACEBOY MUG",238,1905,3278.21
"SET 3 SONG BIRD PAPER EGGS ASSORTED",138,1173,3277.31
"CLASSIC WHITE FRAME",222,1082,3268.80
"RED RETROSPOT PUDDING BOWL",182,758,3266.08
"SMALL MARSHMALLOWS PINK BOWL",614,4762,3265.49
"RECYCLED ACAPULCO MAT PINK",164,365,3262.57
"OFFICE MUG WARMER PINK",137,1023,3260.17
"SET OF 6 FUNKY BEAKERS",302,956,3259.89
"STRING OF 20 ROSE LIGHTS",45,273,3248.94
"BLACK WINE GLASS",91,3689,3247.85
"BLACK DINER WALL CLOCK",160,377,3246.10
"RED HANGING METAL STAR TLIGHT HLDR",58,933,3244.57
"3 TRADITIONAl BISCUIT CUTTERS  SET",250,1524,3240.35
"WHITE SWEETHEARTS CABINET 4 DRAWERS",143,253,3235.54
"HOME SWEET HOME CUSHION COVER ",229,807,3230.41
"TRIANGULAR POUFFE VINTAGE ",87,167,3230.13
"WRAP ALPHABET DESIGN",235,8001,3228.42
"RETRO SPOT SMALL TUBE MATCHES",131,2030,3224.70
"SET OF 6 STRAWBERRY CHOPSTICKS",269,2636,3224.28
"RECYCLED ACAPULCO MAT BLUE",162,365,3223.49
"GREEN GIANT GARDEN THERMOMETER",162,502,3221.91
"BOX OF 6 ASSORTED COLOUR TEASPOONS",255,730,3213.36
"SWEETHEART CREAM STEEL TABLE RECT",90,157,3212.16
"CARD MOTORBIKE SANTA",436,7422,3210.99
"BAG 500g SWIRLY MARBLES",225,2563,3210.66
"TV DINNER TRAY VINTAGE PAISLEY",209,833,3210.17
"GREEN CHERRY LIGHTS",83,532,3209.36
"GIN & TONIC DIET GREETING CARD ",553,7482,3205.43
"PACK OF 12 PINK SPOT TISSUES ",197,8325,3196.51
"BLACK AND WHITE DOG BOWL",98,1394,3187.86
"BLUE DRAWER KNOB ACRYLIC EDWARDIAN",231,2330,3182.73
"PORCELAIN T-LIGHT HOLDERS ASSORTED",236,2396,3179.00
"MOBILE VINTAGE HEARTS ",224,704,3178.58
"S/16 VINTAGE PISTACHIO CUTLERY",58,262,3177.30
"MINT DINER WALL CLOCK",162,373,3176.41
"DRAWER KNOB CERAMIC IVORY",190,2173,3173.89
"RED/WHITE SPOT PICNIC BAG",111,1126,3167.54
"BLACK AND WHITE CAT BOWL",94,1593,3164.72
"SALLE DE BAIN HOOK",339,2384,3163.65
"KITCHEN METAL SIGN",704,5645,3160.39
"AIRLINE BAG VINTAGE WORLD CHAMPION ",287,618,3158.25
"GREEN ROSE WASHBAG",259,1149,3156.40
"HANGING METAL BIRD BATH",143,381,3155.89
"WHITE WICKER STAR ",294,1473,3155.18
"PINK SPOTS  WRAP ",232,7850,3155.00
"PINK  SPOTTY CUP",369,3694,3153.99
"MONEY BOX KINGS CHOICE DESIGN",214,2487,3150.61
"SPOTTY PINK DUCK DOORSTOP",240,719,3146.69
"ENGLISH ROSE GARDEN SECATEURS",312,2673,3138.49
"LARGE RED BABUSHKA NOTEBOOK ",308,2721,3120.33
"SPACEBOY BEAKER",184,2632,3117.34
"SMALL RED BABUSHKA NOTEBOOK ",492,3986,3116.19
"WOOD STAMP SET THANK YOU",433,2405,3113.48
"5 HOOK BLACKBOARD ORGANISER ",125,326,3111.41
"AIRLINE BAG VINTAGE JET SET BROWN",284,615,3109.28
"BLUE GIANT GARDEN THERMOMETER",191,506,3108.46
"CHOC TRUFFLE GOLD TRINKET POT ",252,1905,3105.24
"FOLDING UMBRELLA , BLACK/BLUE  SPOT",69,779,3096.81
"ROBOT BIRTHDAY CARD",634,7192,3096.24
"TEATIME CAKE TIN WITH HANDLE",107,285,3093.15
"STRAWBERRY HONEYCOMB  GARLAND ",238,2170,3092.65
"CHERRY BLOSSOM DECORATIVE FLASK",215,811,3088.17
"SWEETHEART BIRD HOUSE",94,857,3082.71
"HEART CALCULATOR",291,2395,3081.76
"PIZZA SLICE DISH",113,2686,3081.68
"HAND OPEN SHAPE DECO.WHITE",190,973,3078.67
"MEASURING TAPE BABUSHKA PINK",207,1189,3077.40
"VINTAGE  2 METER FOLDING RULER",181,1845,3075.37
"CARD DOLLY GIRL ",508,7447,3067.53
"WHITE BAMBOO RIBS LAMPSHADE",139,3488,3063.31
"VINTAGE UNION JACK PENNANT",204,1515,3060.90
"DECORATIVE WICKER HEART LARGE",233,1778,3056.34
"SMALL PURPLE BABUSHKA NOTEBOOK ",499,3833,3054.99
"PURPLE PAPER PARASOL",231,973,3050.88
"TOAST ITS - BEST MUM",217,2534,3050.82
"BAKING MOULD HEART MILK CHOCOLATE",189,1200,3049.00
"SWALLOW WOODEN CHRISTMAS DECORATION",330,3364,3045.24
"RETRO SPOT GIANT  TUBE MATCHES",102,1299,3045.15
"RETROSPOT CIGAR BOX MATCHES ",286,2883,3038.35
"TREASURE TIN BUFFALO BILL ",214,1476,3037.11
"MAGNETS PACK OF 4 VINTAGE COLLAGE",250,3450,3036.47
"COSMETIC BAG VINTAGE ROSE PAISLEY",250,1443,3028.34
"MILK PAN PINK RETROSPOT",184,747,3026.24
"SET OF 4 KNICK KNACK TINS LEAF",123,748,3024.76
"CHILDS GARDEN BRUSH PINK",258,1445,3023.43
"PINK ROSE WASHBAG",232,1099,3023.25
"RETROSPOT SMALL TUBE MATCHES",221,1846,3021.90
"ELEPHANT, BIRTHDAY CARD, ",489,7200,3015.58
"DOG BOWL , CHASING BALL DESIGN",136,754,3014.30
"RED LOVE HEART SHAPE CUP",388,3361,3011.51
"SILK PURSE BABUSHKA PINK",218,911,3011.47
"SILVER PLATE CANDLE BOWL SMALL",142,967,3010.86
"DOLLY GIRL MINI BACKPACK",161,743,3008.99
"TOY TIDY DOLLY GIRL DESIGN",266,1446,3008.88
"SMALL WHITE RETROSPOT MUG IN BOX ",175,1166,3004.87
"DOILEY STORAGE TIN",122,1094,3004.46
"RIBBON REEL POLKADOTS ",242,1767,3001.70
"CALENDAR IN SEASON DESIGN",194,1090,2998.48
"CAKE STAND VICTORIAN FILIGREE LARGE",146,402,2997.21
"CHILDRENS DOLLY GIRL MUG",211,1748,2994.29
"BRIGHT BLUES RIBBONS ",402,2380,2987.88
"FRENCH TOILET SIGN BLUE METAL",297,2399,2985.09
"GLITTER STAR GARLAND WITH BELLS ",153,736,2983.81
"SET OF 6 T-LIGHTS CACTI ",140,1040,2978.66
"36 FOIL STAR CAKE CASES ",185,1490,2975.57
"FOLDING UMBRELLA , RED/WHITE SPOT",104,918,2972.72
"3D CHRISTMAS STAMPS STICKERS ",232,2121,2962.41
"RED ENCHANTED FOREST PLACEMAT",203,1409,2958.50
"CHILDS GARDEN BRUSH BLUE",266,1419,2954.45
"SET OF 6 CAKE CHOPSTICKS",267,2310,2952.69
"WOOD STOCKING CHRISTMAS SCANDISPOT",380,3653,2946.87
"FRYING PAN PINK POLKADOT",190,660,2944.38
"COTTON APRON PANTRY DESIGN",164,638,2942.18
"RED TEA TOWEL CLASSIC DESIGN",263,2425,2936.83
"RED ROCKING HORSE HAND PAINTED",160,2331,2933.07
"WICKER WREATH LARGE",288,1480,2926.62
"IVORY EMBROIDERED QUILT ",36,78,2925.49
"SET OF 72 IVORY PAPER DOILIES",199,2007,2922.27
"FRYING PAN PINK POLKADOT ",164,650,2904.26
"PINK FAIRY CAKE CUSHION COVER",168,1290,2901.01
"CARD CHRISTMAS VILLAGE",404,6670,2899.38
"SPACEBOY CHILDRENS BOWL",214,2437,2899.10
"HANGING MEDINA LANTERN SMALL",175,1031,2898.82
"FLOWERS CHANDELIER T-LIGHT HOLDER",38,963,2898.12
"CHARLIE AND LOLA TABLE TINS",133,932,2891.74
" DOLLY GIRL BEAKER",174,2455,2891.25
"RETRO SPOT STORAGE JAR",155,739,2890.79
"TEA CUP AND SAUCER RETRO SPOT",137,706,2888.84
"SMALL HAMMERED SILVER CANDLEPOT ",120,949,2887.60
"DECORATION HEN ON NEST, HANGING",147,1910,2887.06
"PINK FLOWER CROCHET FOOD COVER",187,796,2886.89
"BLUE  SPOTTY CUP",370,3395,2881.72
"BASKET OF TOADSTOOLS",240,2289,2881.34
"BLUE COAT RACK PARIS FASHION",170,600,2881.30
"DOORMAT VINTAGE LEAVES DESIGN ",91,430,2881.18
"STOOL HOME SWEET HOME ",114,238,2873.08
"5 HOOK HANGER MAGIC TOADSTOOL",110,1834,2868.09
"LARGE MEDINA STAMPED METAL BOWL ",152,579,2866.59
"FRENCH LAUNDRY SIGN BLUE METAL",246,1720,2865.85
"WOODLAND STORAGE BOX LARGE ",142,955,2861.64
"HANGING PHOTO CLIP ROPE LADDER",150,1737,2858.13
"PLAYING CARDS JUBILEE UNION JACK",208,1934,2857.64
"SMALL HANGING IVORY/RED WOOD BIRD",486,6156,2855.45
"STAR DECORATION RUSTIC",340,6332,2855.22
"HEART WREATH DECORATION WITH BELL",185,2288,2850.89
"MIRROR MOSAIC VOTIVE HOLDER",116,1934,2847.28
"FEATHER PEN,COAL BLACK",266,4391,2846.61
"T-LIGHT HOLDER HANGING LACE",214,2394,2844.85
"VINTAGE KID DOLLY CARD ",541,6802,2844.16
"MEDIUM MEDINA STAMPED METAL BOWL ",152,962,2837.13
"WRAP I LOVE LONDON ",173,7209,2831.78
"200 RED + WHITE BENDY STRAWS",387,2200,2830.77
"HEART DECORATION RUSTIC HANGING ",489,6842,2825.76
"CHRISTMAS CRAFT HEART STOCKING ",197,1340,2824.06
"RIBBON REEL FLORA + FAUNA ",302,1584,2823.66
" OVAL WALL MIRROR DIAMANTE ",174,272,2822.40
"CERAMIC PIRATE CHEST MONEY BANK",282,1852,2821.22
"JOY LARGE WOOD LETTERS",100,444,2820.26
"36 DOILIES DOLLY GIRL",162,1983,2819.22
"TOMATO CHARLIE+LOLA COASTER SET",203,1208,2815.01
"S/15 SILVER GLASS BAUBLES IN BAG",218,2213,2810.95
"GENTLEMAN SHIRT REPAIR KIT ",270,3253,2809.84
"CHILDRENS GARDEN GLOVES PINK",328,1974,2807.41
"3D HEARTS  HONEYCOMB PAPER GARLAND",128,918,2806.80
"SNOWFLAKE PORTABLE TABLE LIGHT ",217,931,2806.35
"BLUE TEA TOWEL CLASSIC DESIGN",214,2372,2805.68
"CHARLIE & LOLA WASTEPAPER BIN FLORA",171,1775,2799.26
"METAL MEDINA LANTERN ",40,300,2798.61
"PINK PAISLEY QUILT ",30,209,2797.55
"SET OF 12  VINTAGE POSTCARD SET",254,2925,2789.19
"ROSE 3 WICK MORRIS BOX CANDLE",199,1383,2784.70
"SET OF 3 RED STRIPE BASKETS",67,324,2782.19
"FRENCH KITCHEN SIGN BLUE METAL",270,2238,2778.78
"4 IVORY DINNER CANDLES SILVER FLOCK",286,1459,2772.40
"CHRISTMAS GARLAND STARS,TREES",144,1016,2771.78
"DOOR MAT RESPECTABLE HOUSE",123,379,2765.69
"BUNDLE OF 3 SCHOOL EXERCISE BOOKS  ",202,1702,2761.90
"SUNSET CHECK HAMMOCK",113,325,2760.41
"JIGSAW TREE WITH BIRDHOUSE",297,2168,2759.47
"SET/3 FLORAL GARDEN TOOLS IN BAG",75,348,2759.36
"SET OF 3 WOODEN STOCKING DECORATION",319,2064,2757.57
"WALL ART 70'S ALPHABET ",74,356,2757.06
"SET/4 SKULL BADGES",312,2219,2756.95
"SINGLE ANTIQUE ROSE HOOK IVORY",261,1870,2755.10
"ICE CREAM DESIGN GARDEN PARASOL",122,470,2753.72
"OCEAN STRIPE HAMMOCK ",131,325,2752.59
"SILK PURSE BABUSHKA RED",150,792,2750.22
"PINK DINER WALL CLOCK",121,308,2749.85
"KIDS RAIN MAC BLUE",206,3404,2749.74
"FRYING PAN RED RETROSPOT",217,652,2749.28
"LOVE HEART TRINKET POT",273,3458,2745.55
"AIRLINE BAG VINTAGE JET SET WHITE",246,548,2744.57
"SILVER BELLS TABLE DECORATION",257,2169,2743.13
"WRAP SUKI AND FRIENDS",208,6726,2742.92
"12 COLOURED PARTY BALLOONS",289,4295,2739.05
"CHILDRENS GARDEN GLOVES BLUE",293,1940,2736.20
"SET OF 2 ROUND TINS CAMEMBERT ",237,956,2735.44
"PACK OF 12 RED RETROSPOT TISSUES ",405,8828,2732.05
"REGENCY MIRROR WITH SHUTTERS",11,18,2730.00
"SET OF 2 TRAYS HOME SWEET HOME",133,267,2729.33
"IVORY WICKER HEART MEDIUM",233,2110,2721.70
"REGENCY CAKE SLICE",92,578,2718.65
"SET/6 FRUIT SALAD  PAPER PLATES",143,15924,2715.96
"DAISY GARDEN MARKER",214,1956,2714.96
"SET OF 6 3D KIT CARDS FOR KIDS",392,2959,2714.68
"SET OF 2 TINS JARDIN DE PROVENCE",198,593,2700.56
"IVORY PILLAR CANDLE SILVER FLOCK",178,1265,2699.22
"PLACE SETTING WHITE STAR",241,6357,2698.44
"RECIPE BOX RETRO SPOT DESIGN",178,960,2697.60
"SET OF 3 WOODEN SLEIGH DECORATIONS",299,1966,2694.56
"PENNY FARTHING BIRTHDAY CARD",507,6408,2693.73
"CARD I LOVE LONDON ",368,6257,2690.93
"S/16 VINTAGE BLACK CUTLERY",44,229,2687.41
"DAISIES  HONEYCOMB GARLAND ",205,1609,2686.35
"TEATIME FUNKY FLOWER BACKPACK FOR 2",147,241,2686.13
"LARGE ROUND WICKER PLATTER ",193,442,2683.80
"TV DINNER TRAY AIR HOSTESS ",176,644,2683.26
"SWEETHEART WIRE WALL TIDY",120,262,2680.72
"RED/CREAM STRIPE FRINGE HAMMOCK",119,339,2678.54
"LARGE PURPLE BABUSHKA NOTEBOOK  ",314,2476,2677.18
"DIAMANTE RING ASSORTED IN BOX.",37,1804,2675.88
"LUSH GREENS RIBBONS",341,2140,2675.74
"BABY BOOM RIBBONS ",314,2140,2671.50
"RIBBON REEL SOCKS AND MITTENS",231,1499,2670.85
"HAPPY EASTER HANGING DECORATION",153,692,2664.92
"LARGE CAKE TOWEL CHOCOLATE SPOTS",104,926,2663.62
"LOCAL CAFE MUG",242,1428,2660.31
"POTTING SHED CANDLE CITRONELLA",106,872,2659.06
"PORCELAIN ROSE SMALL",147,3203,2655.72
"6 ROCKET BALLOONS ",363,3977,2655.54
"TRIPLE HOOK ANTIQUE IVORY ROSE",227,801,2655.13
"3 WHITE CHOC MORRIS BOXED CANDLES",153,1196,2653.93
"CHOCOLATE 3 WICK MORRIS BOX CANDLE",137,1005,2649.58
"HOT BATHS SOAP HOLDER",260,1574,2645.31
"3 ROSE MORRIS BOXED CANDLES",197,1325,2643.12
"CARNIVAL BRACELET",109,208,2642.42
"FLAMINGO LIGHTS",94,548,2642.20
"EASTER CRAFT IVY WREATH WITH CHICK",107,1417,2640.93
"N0 SINGING METAL SIGN",49,1225,2639.42
"MAGIC SHEEP WOOL GROWING FROM PAPER",179,1841,2638.63
"METAL SIGN,CUPCAKE SINGLE HOOK",341,2244,2633.17
"BOMBS AWAY METAL SIGN",215,1236,2624.26
"RECYCLED ACAPULCO MAT LAVENDER",130,297,2621.43
"BAKING MOULD EASTER EGG MILK CHOC",122,952,2621.32
"TEA PARTY  WRAPPING PAPER ",208,6375,2613.50
"TEA TIME MUG IN GIFT BOX",171,872,2611.59
"APRON APPLE DELIGHT",136,523,2609.52
"VINTAGE LEAF MAGNETIC NOTEPAD",274,1710,2605.50
"BAKING MOULD CHOCOLATE CUPCAKES",157,988,2604.04
"BATHROOM METAL SIGN ",260,1860,2601.93
"STRIPEY CHOCOLATE NESTING BOXES",224,993,2595.84
"WHITE TISSUE REAM",204,326,2591.70
"ASSORTED TUTTI FRUTTI PEN",251,4425,2588.06
"SWALLOW GIANT TUBE MATCHES",88,1119,2583.45
"WHITE GOOSE FEATHER CHRISTMAS TREE ",132,640,2583.07
"SET OF 16 VINTAGE SKY BLUE CUTLERY",82,219,2581.32
"GLASS ETCHED T-LIGHT HOLDER LARGE",111,1251,2576.17
"STOP FOR TEA WALL ART",41,518,2572.70
"HOME GARLAND PAINTED ZINC ",230,1845,2572.58
"WATERMELON BATH SPONGE",215,1908,2570.92
"DISCO BALL CHRISTMAS DECORATION",367,21916,2570.81
"ANGEL DECORATION STARS ON DRESS",283,5918,2565.07
"AIRLINE LOUNGE,METAL SIGN",489,1231,2559.93
"SPACEBOY CHILDRENS CUP",216,2051,2558.82
"BLUE SPOTS  WRAP",196,6350,2555.00
"WOODLAND  STICKERS",268,2939,2554.15
"CLASSIC FRENCH STYLE BASKET GREEN ",141,498,2551.70
"POTTING SHED ROSE CANDLE",113,829,2544.71
"MISTLETOE HEART WREATH CREAM",110,625,2539.63
"S/16 VINTAGE ROSE CUTLERY",86,191,2536.73
"BLUE RETRO BAR STOOL",30,69,2535.10
"POPCORN HOLDER , SMALL ",112,3189,2531.64
"BUTTERFLIES  HONEYCOMB GARLAND",145,1541,2530.30
"GINGHAM RECIPE BOOK BOX",135,466,2529.42
"BLACK ENCHANTED FOREST PLACEMAT",120,1466,2527.48
"LUNCH BAG RED VINTAGE DOILY",132,1577,2526.69
"MAKE YOUR OWN PLAYTIME CARD KIT",180,1017,2526.27
"HANGING MEDINA LANTERN LARGE",80,744,2523.89
"CAT BOWL ",121,947,2523.79
"GREEN GINGHAM FLOWER JEWELLERY BOX",278,1488,2519.61
"FRENCH ENAMEL POT W LID",204,923,2518.63
"PAPER CHAIN KIT LONDON",164,874,2516.30
"EMPIRE TISSUE BOX",324,3202,2515.29
"MEASURING TAPE BABUSHKA RED",115,886,2514.42
"RED REFECTORY CLOCK ",110,251,2511.59
"4 PEAR BOTANICAL DINNER CANDLES",191,1164,2503.58
"SPRING DEC , HANGING CHICK CREAM",142,1902,2502.48
"MEDINA STAMPED METAL STOOL",33,66,2500.09
"NURSERY A,B,C PAINTED LETTERS",171,424,2499.66
"SWEETHEART CARRY-ALL BASKET",140,287,2498.76
"T-LIGHT HOLDER SWEETHEART HANGING",196,1276,2498.16
"SET/4 PINK ORCHID CANDLES IN BOWL",92,1858,2498.12
"SET 12 COLOUR PENCILS SPACEBOY ",282,3285,2495.75
"BLUE/CREAM STRIPE FRINGE HAMMOCK",123,315,2486.66
"PINK FELT EASTER EGG BASKET",183,1543,2485.55
"CHRISTMAS HANGING TREE WITH BELL",207,3050,2484.64
"PARTY CONES CANDY TREE DECORATION",107,2804,2483.36
"BLACK CANDELABRA T-LIGHT HOLDER",181,2040,2480.90
"GARDENIA 1 WICK MORRIS BOXED CANDLE",166,640,2480.54
"PAINTED METAL HEART WITH HOLLY BELL",212,2487,2480.33
"SILVER MUG BONE CHINA TREE OF LIFE",163,1710,2474.79
"BLUE FELT EASTER EGG BASKET",233,1439,2473.21
"GLASS JAR PEACOCK BATH SALTS",253,768,2472.48
"KIDS RAIN MAC PINK",218,2950,2464.19
"MINI JIGSAW CIRCUS PARADE ",189,6286,2464.09
"GARDENIA 3 WICK MORRIS BOXED CANDLE",181,667,2463.69
"ROLL WRAP 50'S RED CHRISTMAS ",212,1803,2462.95
"WOODLAND ANIMAL  WRITING SET ",201,1456,2460.67
"CREAM SLICE FLANNEL CHOCOLATE SPOT ",169,801,2455.09
"SMALL SKULL WINDMILL",153,2050,2453.60
"IF YOU CAN'T STAND THE HEAT MUG",199,2079,2448.37
"EMBOSSED HEART 3 DRAWER SHELF",105,177,2446.19
"VINTAGE BELLS GARLAND",149,821,2443.35
"OVEN MITT APPLES DESIGN",264,1631,2438.91
"PENS ASSORTED SPACEBALL",201,7165,2438.18
"GREEN POLKADOT BOWL",249,1886,2436.36
"3 GARDENIA MORRIS BOXED CANDLES",138,862,2435.94
"PACK OF 20 SPACEBOY NAPKINS",273,3065,2432.47
"HOME SWEET HOME KEY HOLDER",111,457,2428.91
"SET OF 36 MUSHROOM PAPER DOILIES",210,1676,2428.73
"SET OF 3 WOODEN TREE DECORATIONS",293,1784,2423.54
"HAND OPEN SHAPE GOLD",103,760,2414.60
"COSY SLIPPER SHOES LARGE GREEN",190,739,2411.77
"SHELF WITH 4 HOOKS HOME SWEET HOME",107,461,2409.34
"WHITE BELL HONEYCOMB PAPER GARLAND ",144,1446,2409.32
"FRENCH ENAMEL WATER BASIN",211,702,2403.64
"SMALL SILVER TRELLIS CANDLEPOT",107,798,2398.65
"LIPSTICK PEN FUSCHIA",406,4816,2398.21
"CARD BILLBOARD FONT",451,5604,2390.14
"RETRO SPOT SUGAR JAM BOWL",196,923,2387.34
"DANISH ROSE PHOTO FRAME",214,1790,2385.59
"SET OF 10 LANTERNS FAIRY LIGHT STAR",99,581,2384.97
"EIGHT PIECE DINOSAUR SET",240,1833,2383.24
"PAINTED METAL STAR WITH HOLLY BELLS",211,2803,2382.38
"MAGIC DRAWING SLATE DINOSAUR",347,5758,2378.94
"CLASSIC BICYCLE CLIPS ",99,1644,2378.48
"4 LAVENDER BOTANICAL DINNER CANDLES",169,1187,2377.42
"SET OF 4 NAPKIN CHARMS STARS   ",141,1000,2376.52
"HANGING HEART WITH BELL",219,4620,2376.05
"DISCO BALL ROTATOR BATTERY OPERATED",217,560,2376.00
"CHILDREN'S CIRCUS PARADE MUG",152,1392,2374.03
"ENGLISH ROSE TABLE CLOTH",78,220,2373.01
"SET OF 6 GIRLS CELEBRATION CANDLES",285,2343,2372.98
"BUTTERFLY CROCHET FOOD COVER",142,672,2372.64
"BICYCLE SAFTEY WALL ART",39,458,2371.94
"LE JARDIN BOTANIQUE CUSHION COVER",166,566,2371.25
"ENGLISH ROSE NOTEBOOK A7 SIZE",625,5223,2369.55
"CHRISTMAS HANGING HEART WITH BELL",163,1841,2366.24
"HYACINTH BULB T-LIGHT CANDLES",150,4479,2361.92
"YELLOW METAL CHICKEN HEART ",213,1480,2358.57
"RUSTIC MIRROR WITH LACE HEART",83,459,2354.87
"HEART MIRROR ANTIQUE WHITE",76,358,2354.80
"24 HANGING EASTER EGGS FLORAL TUB",109,678,2354.67
"SET OF 6 HEART CHOPSTICKS",298,1711,2351.59
"CUT GLASS T-LIGHT HOLDER OCTAGON",70,1231,2346.19
"FELTCRAFT HAIRBAND PINK AND PURPLE",289,2800,2345.65
"LARGE HANGING IVORY & RED WOOD BIRD",272,3545,2344.15
" 50'S CHRISTMAS GIFT BAG LARGE",129,1915,2343.63
"BIRDHOUSE DECORATION MAGIC GARDEN",298,1888,2340.15
"WHITE CHRISTMAS GARLAND STARS TREES",137,620,2338.85
"SLEEPING CAT ERASERS",580,10938,2337.66
"SET OF 4 NEW ENGLAND PLACEMATS",36,2749,2336.10
"CUT GLASS HEXAGON T-LIGHT HOLDER",59,1208,2333.74
"SEWING SUSAN 21 NEEDLE SET",306,2776,2331.38
"HANGING GLASS ETCHED TEALIGHT",124,1436,2327.53
"GLITTER CHRISTMAS STAR ",248,3938,2323.92
"MINI JIGSAW DOLLY GIRL",247,5747,2314.50
"SET 36 COLOUR PENCILS SPACEBOY ",185,1712,2313.53
"GLASS JAR MARMALADE ",169,783,2312.25
"WHITE BROCANTE SOAP DISH",138,782,2309.90
"MUSHROOM BLUE HOT WATER BOTTLE",184,744,2308.56
"PINK HAWAIIAN PICNIC HAMPER FOR 2",131,312,2307.23
"PINK LOVE HEART SHAPE CUP",327,2508,2304.11
"DECORATIVE WICKER HEART MEDIUM",216,1804,2299.47
"HANGING JAM JAR T-LIGHT HOLDERS",92,2813,2298.05
"VANILLA INCENSE IN TIN",178,4086,2297.99
"IVORY KNITTED MUG COSY ",165,1204,2297.37
"DOVE DECORATION PAINTED ZINC ",214,4736,2296.65
"HEART STRING MEMO HOLDER HANGING",197,1288,2294.86
"RAINY LADIES BIRTHDAY CARD",439,5478,2294.83
"ASSORTED TUTTI FRUTTI NOTEBOOK",142,1048,2294.51
"METAL DECORATION NAUGHTY CHILDREN ",180,2245,2294.47
"BAKING MOULD ROSE MILK CHOCOLATE",65,771,2294.07
"HANGING RIDGE GLASS T-LIGHT HOLDER",89,1402,2287.64
"SOFT PINK ROSE TOWEL ",266,629,2287.26
"DRAWER KNOB CRACKLE GLAZE GREEN",154,1340,2284.12
"SQUARE CHERRY BLOSSOM CABINET",73,456,2281.20
"RED SPOTTY PURSE ",156,737,2281.12
"CHARLIE & LOLA WASTEPAPER BIN BLUE",141,1512,2275.75
"MONEY BOX BISCUITS DESIGN",160,1672,2275.48
"SKETCHBOOK MAGNETIC SHOPPING LIST",246,1456,2274.00
"BLUE/BROWN DOTS RUFFLED UMBRELLA",72,547,2270.73
"SET 6 FOOTBALL CELEBRATION CANDLES",246,2169,2270.14
"HANGING HEART MIRROR DECORATION ",356,3157,2268.71
"GREEN CHRISTMAS TREE STRING 20LIGHT",83,476,2264.09
"FEATHER PEN,LIGHT PINK",226,3493,2263.15
"BLUE POT PLANT CANDLE ",157,676,2260.93
"CARD CIRCUS PARADE",447,5330,2259.74
"GIANT MEDINA STAMPED METAL BOWL ",79,235,2254.71
"ROSE DES PADDED FLOOR CUSHION",44,664,2249.41
"STEEL SWEETHEART ROUND TABLE CREAM",85,144,2249.41
"VINTAGE RED ENAMEL TRIM JUG ",136,599,2246.61
"SMALL PARISIENNE HEART PHOTO FRAME ",142,941,2244.22
"HANGING MINI COLOURED BOTTLES",76,3443,2237.71
"HERB MARKER BASIL",252,3526,2237.46
"SET OF 16 VINTAGE BLACK CUTLERY",67,175,2232.69
"PACK 20 DOLLY PEGS",235,2754,2231.45
"6 RIBBONS SHIMMERING PINKS ",287,2165,2231.19
"CHILDS GARDEN SPADE BLUE",233,1094,2228.12
"3 TIER SWEETHEART GARDEN SHELF",48,63,2225.85
"TOADSTOOL BEDSIDE LIGHT ",105,251,2225.45
"WRAP CIRCUS PARADE",181,5402,2220.84
"KEY RING BASEBALL BOOT UNION JACK",112,1823,2220.37
"ABSTRACT CIRCLE JOURNAL ",201,1056,2218.36
"ASSORTED INCENSE PACK",66,12137,2213.97
"S/4 IVORY MINI ROSE CANDLE IN BOWL",267,1670,2213.49
"LETTER HOLDER HOME SWEET HOME",134,626,2207.86
"4 LILY  BOTANICAL DINNER CANDLES",169,854,2202.51
"DECORATIVE CATS BATHROOM BOTTLE",368,1748,2201.26
"CAKE STAND VICTORIAN FILIGREE SMALL",172,571,2200.03
"STAR DECORATION PAINTED ZINC ",264,6154,2198.11
"KNEELING MAT HOUSEWORK  DESIGN",230,1544,2194.62
"PINK  HONEYCOMB PAPER BALL ",150,1017,2194.20
"SET OF 12 LILY BOTANICAL T-LIGHTS",148,754,2193.99
"72 CAKE CASES VINTAGE CHRISTMAS",101,4370,2191.34
"VINTAGE CHRISTMAS GIFT BAG LARGE ",105,1831,2182.39
"RELAX LARGE WOOD LETTERS",73,211,2182.38
"RED COAT RACK PARIS FASHION",122,462,2179.39
"ICE CREAM BUBBLES",101,2688,2177.84
"CARD BIRTHDAY COWBOY",359,5315,2174.73
"SPRING DEC , HANGING CHICK  YELLOW",109,1646,2173.58
"FAUX FUR CHOCOLATE THROW",62,121,2173.05
"GREEN  SPOTTY PLATE ",146,1317,2170.38
"DECORATION, HANGING HEART+MIRROR ",287,2994,2168.15
"ASSORTED CAKES FRIDGE MAGNETS",187,2867,2165.92
"PORCELAIN ROSE LARGE ",105,1807,2163.23
"DRAWER KNOB CRACKLE GLAZE PINK",153,1284,2162.20
"ASSORTED TUTTI FRUTTI MIRROR",204,1536,2161.81
"WRAP DOLLY GIRL",159,5375,2161.50
"CHILDS GARDEN SPADE PINK",208,1057,2161.28
"ABSTRACT CIRCLES SKETCHBOOK ",193,692,2161.01
"MORE BUTTER METAL SIGN ",263,1624,2159.97
"BAKING MOULD HEART WHITE CHOCOLATE",129,902,2157.85
"BAKING MOULD TOFFEE CUP CHOCOLATE",71,957,2154.63
"RED SPOTTY BIG BOWL",101,423,2150.85
"DRAWER KNOB CRACKLE GLAZE BLUE",134,1213,2148.53
"TRAVEL CARD WALLET I LOVE LONDON",241,4783,2147.55
"WICKER WREATH SMALL",225,1501,2147.32
"REGENCY CAKE FORK",98,1715,2145.30
"SET OF 16 VINTAGE RED CUTLERY",71,190,2144.33
"WRAP VINTAGE LEAF DESIGN",134,5326,2140.92
"JAPANESE CROCHETED ANIMAL",182,5223,2140.06
"STAR WREATH DECORATION WITH BELL",152,1683,2139.67
"FOLDING UMBRELLA RED/WHITE POLKADOT",150,442,2138.99
"EMPIRE BIRTHDAY CARD",430,5112,2136.46
"GREEN POLKADOT PLATE ",158,1272,2135.16
"STRAWBERRY CERAMIC TRINKET POT",125,1371,2133.72
"DOG BOWL VINTAGE CREAM",155,481,2132.63
"VINTAGE BILLBOARD MUG ",229,2063,2124.75
"IVORY PILLAR CANDLE GOLD FLOCK",102,1136,2116.01
"FOLDING UMBRELLA  CHOC/WHITE  SPOT",49,533,2115.77
"EASTER TIN BUNNY BOUQUET",165,1266,2115.57
"TEA COSY BLUE STRIPE",214,683,2115.41
"PINK UNION JACK  PASSPORT COVER ",297,908,2115.06
"POCKET BAG BLUE PAISLEY RED SPOT",214,1448,2114.62
"SET OF 4 FAIRY CAKE PLACEMATS",172,555,2113.90
"PAPER LANTERN 9 POINT DELUXE STAR",36,349,2111.49
"GIRLY PINK TOOL SET",110,387,2109.17
" RED SPOT GIFT BAG LARGE",103,1727,2107.42
"WRAP POPPIES  DESIGN",158,5175,2105.50
"CHRISTMAS TREE STAR DECORATION",322,4853,2105.22
"BATH DUCK WATERING CAN",110,848,2102.46
"CHERRY DESIGN PAPERLANTERNS",117,1093,2102.28
"TRAVEL CARD WALLET VINTAGE TICKET",408,4813,2099.97
"RED RETROSPOT PURSE ",192,631,2096.25
"IVORY SWEETHEART WIRE LETTER RACK ",159,558,2095.65
"IVORY REFECTORY CLOCK",86,213,2094.24
"4 VANILLA BOTANICAL CANDLES",212,1139,2092.89
"VINTAGE RED ENAMEL TRIM MUG ",119,1701,2092.00
"MEASURING TAPE BABUSHKA BLUE",116,765,2089.36
"ASSORTED TUTTI FRUTTI  FOB NOTEBOOK",205,2269,2088.42
"BROWN  PIRATE TREASURE CHEST ",244,927,2086.86
"FOLKART STAR CHRISTMAS DECORATIONS",155,3930,2084.72
"DOG LICENCE WALL ART",29,408,2081.64
"URBAN BLACK RIBBONS ",334,2076,2080.94
"SET 8 CANDLES VINTAGE DOILY",107,1065,2079.85
"MILK BOTTLE WITH GLASS STOPPER ",118,272,2079.11
"PARTY INVITES WOODLAND",275,2422,2078.50
"BLUE SAVANNAH PICNIC HAMPER FOR 4",52,344,2077.82
"60 GOLD AND SILVER FAIRY CAKE CASES",193,4276,2077.59
"IVORY PAPER CUP CAKE CASES ",263,3351,2077.14
"YELLOW GIANT GARDEN THERMOMETER",118,301,2077.02
"SET 36 COLOURING PENCILS DOILY",147,1490,2076.60
"12 PENCILS TALL TUBE RED SPOTTY",258,2360,2075.76
"VILLAGE SHOW WALL ART",18,386,2072.42
"MAGNETS PACK OF 4 HOME SWEET HOME",234,2473,2072.29
"TOAST ITS - FAIRY FLOWER",349,1624,2071.80
"MULTICOLOUR HONEYCOMB PAPER GARLAND",126,1425,2071.76
"CHRISTMAS TREE HEART DECORATION",323,4738,2070.52
"FILIGREE HEART BUTTERFLY WHITE ",117,1642,2070.06
"DOLLY MIXTURE CHILDREN'S UMBRELLA",186,605,2069.19
"EAU DE NIL DINER WALL CLOCK",119,248,2067.20
"CONDIMENT TRAY 4 BOWLS AND 4 SPOONS",77,212,2066.64
"PINK METAL CHICKEN HEART ",201,1272,2066.32
"GLASS  SONGBIRD STORAGE JAR",73,169,2065.14
"SET/20 WOODLAND PAPER NAPKINS ",192,2793,2060.65
"DOLLY GIRL CHILDRENS CUP",195,1635,2060.28
"SET OF 6 VINTAGE NOTELETS KIT",167,1688,2056.16
"T-LIGHT HOLDER HANGING LOVE BIRD",101,548,2055.27
"SKULLS GREETING CARD",329,5021,2050.38
"KEY RING BASEBALL BOOT ASSORTED ",98,1631,2044.58
"FELT EGG COSY WHITE RABBIT ",243,2119,2041.11
"ZINC FINISH 15CM PLANTER POTS",170,1638,2039.79
"PINK SPOTS CHOCOLATE NESTING BOXES ",133,845,2039.69
"SWEETHEART WIRE FRUIT BOWL",108,255,2037.84
"FLOOR CUSHION ELEPHANT CARNIVAL",95,167,2037.60
"WOOD STAMP SET FLOWERS",291,1538,2033.90
"GUMBALL MONOCHROME COAT RACK",231,1496,2031.10
"SET 12 WILDFLOWER BOTANICAL T-LIGHT",113,698,2025.77
"SMALL SILVER FLOWER CANDLE POT",102,654,2022.98
"BLUE FAIRY CAKE CHILD'S APRON",158,1051,2021.47
"SET OF 2 CERAMIC CHRISTMAS REINDEER",89,1448,2019.59
"HEART SHAPE WIRELESS DOORBELL",210,966,2019.27
"KEEP CALM WALL ART ",20,269,2015.97
"IVORY HANGING DECORATION  BIRD",261,2304,2013.96
"DOLLY GIRL CHILDRENS BOWL",191,1622,2013.70
"HOT STUFF HOT WATER BOTTLE",89,595,2012.13
"CHILDS GARDEN TROWEL BLUE ",369,2295,2012.13
"CAT BOWL VINTAGE CREAM",141,582,2012.02
"JUNGLE POPSICLES ICE LOLLY HOLDERS",200,1559,2011.43
"SET OF 2 ROUND TINS DUTCH CHEESE",193,736,2010.84
"BLUE PADDED SOFT MOBILE",169,475,2010.47
"STORAGE TIN VINTAGE LEAF",104,775,2010.13
"STAR T-LIGHT HOLDER WILLIE WINKIE",119,1183,2009.95
"GOLD  CHERRY LIGHTS",61,314,2007.88
"MONEY BOX POCKET MONEY DESIGN",215,1650,2005.90
"SMALL DECO JEWELLERY STAND",79,243,2005.81
"BOUDOIR SQUARE TISSUE BOX",309,2900,2005.01
"CALENDAR FAMILY FAVOURITES",78,727,2003.82
"PACK OF 12 SPACEBOY TISSUES",368,5883,2003.81
"CHILDS GARDEN TROWEL PINK",370,2303,2002.30
"ROSE FOLKART HEART DECORATIONS",217,2003,2001.52
"ZINC HEART LATTICE T-LIGHT HOLDER",169,1471,2000.73
"BALLOON ART MAKE YOUR OWN FLOWERS",170,1502,1995.51
"HOT WATER BOTTLE SEX BOMB",102,453,1993.60
"CHRISTMAS MUSICAL ZINC STAR",189,3135,1991.29
"CINAMMON SET OF 9 T-LIGHTS",388,2160,1986.51
"FELT EGG COSY CHICKEN",306,2058,1986.36
"ASSORTED ICE CREAM FRIDGE MAGNETS",164,2875,1985.75
"BROCANTE SHELF WITH HOOKS",83,180,1985.00
"OPULENT VELVET SET/3 CANDLES",127,1276,1984.35
"FAIRY TALE COTTAGE NIGHT LIGHT",115,977,1981.29
"GREEN SPOTTY BOWL",214,1576,1978.44
"SILK PURSE RUSSIAN DOLL RED",88,605,1975.27
"SILVER LATTICE VANILLA CANDLE POT",111,519,1970.37
"ASSORTED TUTTI FRUTTI LARGE PURSE",144,880,1966.48
"BOHEMIAN COLLAGE STATIONERY SET",289,1118,1966.07
"SMALL YELLOW BABUSHKA NOTEBOOK ",404,2382,1965.00
"SET/20 FRUIT SALAD PAPER NAPKINS ",163,7187,1963.85
"RED SPOT PAPER GIFT BAG",131,2456,1962.83
"FILIGREE HEART BIRD WHITE ",125,1492,1960.00
"12 PENCILS TALL TUBE POSY",245,5907,1959.84
"ZINC T-LIGHT HOLDER STAR LARGE",167,2060,1956.68
"HANGING CHICK CREAM DECORATION",122,1321,1953.95
"WOOD STAMP SET BEST WISHES",287,1618,1953.00
"WALL MIRROR RECTANGLE DIAMANTE PINK",98,234,1950.76
"SUNSET COLOUR CHUNKY KNITTED THROW",95,154,1949.21
"DOG TOY WITH PINK CROCHET SKIRT",234,513,1947.65
"DAIRY MAID  PUDDING BOWL",51,1314,1947.01
"GOLD MUG BONE CHINA TREE OF LIFE",118,1272,1942.18
"DECORATIVE ROSE BATHROOM BOTTLE",308,1665,1939.49
"STRAWBERRY DREAM CHILDS UMBRELLA",176,585,1936.87
"SKULLS  DESIGN  COTTON TOTE BAG",203,1188,1935.17
"PARTY FOOD SHOPPER BAG",246,1539,1935.06
"PINK POLKADOT GARDEN PARASOL",100,234,1932.97
"DOORSTOP FOOTBALL DESIGN",170,593,1928.57
"BLACK PIRATE TREASURE CHEST",254,1082,1927.57
"WRAP DOILEY DESIGN",164,4703,1927.26
"PACK OF 12 BLUE PAISLEY TISSUES ",325,6275,1925.59
"APRON MODERN VINTAGE COTTON",141,679,1924.93
"LE GRAND TRAY CHIC SET",79,152,1924.92
"KNICKERBOCKERGLORY MAGNET ASSORTED ",135,2233,1914.73
"SET/4 RED MINI ROSE CANDLE IN BOWL",295,1533,1913.76
"SWISS ROLL TOWEL PINK  SPOTS",39,706,1913.69
"12 PINK ROSE PEG PLACE SETTINGS",146,1539,1912.23
"CHILDS GARDEN FORK BLUE ",334,2246,1911.76
"LARGE CAKE TOWEL, CHOCOLATE SPOTS",119,259,1909.53
"FELTCRAFT BOY JEAN-PAUL KIT",127,371,1909.51
"HEARTS  STICKERS",279,2176,1909.21
"GLASS CAKE STAND",66,121,1906.65
"CARROT CHARLIE+LOLA COASTER SET",214,871,1905.47
"BLACK RETRODISC LAMPSHADE",13,977,1905.15
"ALUMINIUM STAMPED HEART",130,783,1902.19
"VINTAGE JINGLE BELLS HEART",78,228,1897.76
"SCENTED VELVET LOUNGE CANDLE ",93,4134,1893.75
"WRAP 50'S  CHRISTMAS",149,4563,1892.46
"3 RAFFIA RIBBONS 50'S CHRISTMAS ",199,2105,1892.07
"CHILDS GARDEN FORK PINK",352,2193,1891.60
"LARGE CHINESE STYLE SCISSOR",106,2338,1891.10
"PARLOUR CERAMIC WALL HOOK",75,455,1889.75
"DAIRY MAID BUTTER DISH",39,1210,1889.58
"POSTE FRANCE CUSHION COVER",150,438,1888.90
"RETROSPOT WOODEN HEART DECORATION",246,2078,1887.98
"SILVER PLATE CANDLE BOWL LARGE",101,481,1886.23
"POTTING SHED SEED ENVELOPES",247,1352,1886.22
"ART LIGHTS,FUNK MONKEY",111,658,1884.37
"EASTER TIN KEEPSAKE",139,1138,1882.29
"FELTCRAFT HAIRBANDS PINK AND WHITE ",272,2057,1879.16
"CERAMIC BIRDHOUSE CRESTED TIT SMALL",119,728,1877.98
"SMALL TAHITI BEACH BAG",33,467,1877.21
"WOOD AND GLASS MEDICINE CABINET",24,67,1874.65
"BABY MOUSE RED GINGHAM DRESS",132,441,1874.47
"SET/6 WOODLAND PAPER CUPS",66,13732,1873.33
"S/12 VANILLA  BOTANICAL T-LIGHTS",145,636,1873.25
"VINTAGE GLASS T-LIGHT HOLDER",149,2238,1870.86
"SET/6 WOODLAND PAPER PLATES",47,13700,1868.70
"GARDEN PATH JOURNAL",161,975,1866.50
"HI TEC ALPINE HAND WARMER",205,1373,1861.82
"SET/10 IVORY POLKADOT PARTY CANDLES",172,1522,1854.59
"FELTCRAFT HAIRBAND PINK AND BLUE",295,2126,1852.34
"BLACK BAROQUE CUCKOO CLOCK",66,141,1851.22
"FIVE CATS HANGING DECORATION",167,592,1848.31
"KEEP OUT BOYS DOOR HANGER ",206,2385,1846.12
"4 WILDFLOWER BOTANICAL CANDLES",139,704,1845.11
"SILVER T-LIGHT SETTING",70,276,1845.06
"MAGIC TREE -PAPER FLOWERS",212,1964,1844.45
"PACK OF 12 50'S CHRISTMAS TISSUES",176,4003,1842.42
"WHITE RETRODISC LAMPSHADE",46,904,1841.70
"TOAST ITS - DINOSAUR",211,1399,1841.51
"SET/6 FROG PRINCE T-LIGHT CANDLES",150,1021,1841.25
"MOODY GIRL DOOR HANGER ",310,2613,1832.70
"PINK HORSE SOCK PUPPET",168,584,1831.71
"LED TEA LIGHTS",65,635,1829.65
"MIRROR CORNICE",71,114,1829.52
"MAGIC DRAWING SLATE BAKE A CAKE ",230,4632,1828.80
"SET/3 CHRISTMAS DECOUPAGE CANDLES",136,1456,1826.04
"PINK JUMPER LARRY THE LAMB",123,961,1824.47
"FRIDGE MAGNETS US DINER ASSORTED",113,2109,1819.80
"SET/6 FRUIT SALAD PAPER CUPS",136,16615,1816.73
"IVORY HANGING DECORATION  BUTTERFLY",150,1923,1815.29
"BEADED LOVE HEART JEWELLERY SET",111,2207,1809.67
"REGENCY TEA SPOON",76,1462,1809.48
"FELT TOADSTOOL LARGE",148,1411,1808.46
"TOOTHPASTE TUBE PEN",354,2787,1805.29
"CERAMIC BIRDHOUSE FINCH BLUE ROOF",107,691,1802.67
"DO NOT TOUCH MY STUFF DOOR HANGER ",253,2829,1802.52
"VINTAGE KITCHEN PRINT VEGETABLES",70,3333,1800.44
"SMALL SQUARE CUT GLASS CANDLESTICK",81,292,1800.31
"RED SPOTTY SHOPPING BAG",116,686,1798.04
"MEASURING TAPE RUSSIAN DOLL RED",64,654,1796.42
"FOLK FELT HANGING MULTICOL GARLAND",93,1174,1796.12
"MIRROR MOSAIC T-LIGHT HOLDER ROUND",71,1764,1790.34
"SPACEBOY CHILDRENS EGG CUP",193,1322,1788.51
"MULTICOLOUR 3D BALLS GARLAND",144,683,1787.69
"BLUE REFECTORY CLOCK ",82,174,1787.41
"WOOD STAMP SET HAPPY BIRTHDAY",257,1434,1782.90
"VINTAGE GLASS COFFEE CADDY",106,274,1782.56
"MINIATURE ANTIQUE ROSE HOOK IVORY",243,2096,1779.66
"ETCHED GLASS COASTER",139,2346,1778.75
"RED SPOTTY CANDY BAG",121,5262,1778.12
"GREEN SPOTTY CUP",250,2105,1777.27
"FAIRY CAKES NOTEBOOK A6 SIZE",327,2712,1767.18
"ROSE DU SUD COSMETICS BAG",94,696,1766.92
"STRIPES DESIGN MONKEY DOLL",115,1349,1764.03
"GLASS ETCHED T-LIGHT HOLDER MEDIUM",78,903,1761.59
"SET OF 4 FAIRY CAKE PLACEMATS ",134,726,1759.82
"PETIT TRAY CHIC",146,1047,1759.79
"SET OF 4 ROSE BOTANICAL CANDLES",184,978,1759.61
"BLUE PAISLEY JOURNAL ",179,819,1759.46
"BLUE/CREAM STRIPE CUSHION COVER ",192,1284,1758.24
"MINI FUNKY DESIGN TAPES",167,2151,1758.20
"WALL MIRROR , RECT DIAMANTE, PINK/",61,220,1754.73
"FELTCRAFT HAIRBAND RED AND BLUE",302,1984,1754.35
"WHITE HONEYCOMB PAPER GARLAND ",123,814,1754.29
"SET OF 12 T-LIGHTS VINTAGE DOILY",73,932,1753.36
"SET 36 COLOUR PENCILS DOLLY GIRL",147,1391,1752.79
"HOME SWEET HOME HANGING HEART",225,1922,1752.35
"WHITE SOAP RACK WITH 2 BOTTLES",110,283,1748.91
"FRENCH BLUE METAL DOOR SIGN 1",226,1270,1748.60
"ZINC TOP  2 DOOR WOODEN SHELF ",55,251,1748.38
"MAGIC DRAWING SLATE BUNNIES ",292,4181,1748.26
"VINTAGE KITCHEN PRINT SEAFOOD",67,3689,1747.28
"MA CAMPAGNE 4 DRAWER WALL SHELF",32,203,1745.85
"WOOD FAN WITH FLOWER DESIGN",87,1448,1745.62
"SILVER STARS TABLE DECORATION",213,2037,1744.61
"VINTAGE CARAVAN GREETING CARD ",360,4109,1743.02
"ASSORTED SANSKRIT MINI NOTEBOOK",93,1358,1741.72
"DECORATION , WOBBLY RABBIT , METAL ",128,1134,1740.84
"FRENCH STYLE WALL DRESSER",12,15,1740.00
"SET/6 COLLAGE PAPER PLATES",278,3119,1736.53
"CHILDS GARDEN RAKE BLUE",162,854,1736.32
"BULL DOG BOTTLE TOP WALL CLOCK",82,201,1733.57
"BANQUET BIRTHDAY  CARD  ",366,4066,1733.44
" SILVER CHERRY LIGHTS",44,274,1732.30
"POTTING SHED SOW 'N' GROW SET",85,557,1731.35
"PING MICROWAVE APRON",166,661,1729.79
"HAIRCLIPS FORTIES FABRIC ASSORTED",174,3035,1729.24
"PARTY CHARMS 50 PIECES",133,2253,1727.75
"SQUARE FLOOR CUSHION VINTAGE RED",91,162,1722.70
"GEORGIAN TRINKET BOX",61,144,1719.00
"RETRO SPOT PADDED SEAT CUSHION",56,475,1718.93
"ENAMEL PINK TEA CONTAINER",187,1150,1717.57
" FLAMINGO LIGHTS",56,356,1715.18
"WRAP COWBOYS  ",125,4272,1714.24
"LETS GO SHOPPING COTTON TOTE BAG",205,743,1713.75
"NATURAL BARK CANDLE SMALL",81,537,1710.45
"FRENCH GARDEN SIGN BLUE METAL",195,1350,1707.52
"BAKING MOULD EASTER EGG WHITE CHOC",78,589,1707.47
"JAZZ HEARTS ADDRESS BOOK",335,6343,1707.11
"SPRING FLOWER CHOPSTICKS SET/5",103,895,1706.14
"WOVEN ROSE GARDEN CUSHION COVER ",158,494,1704.64
"DINOSAUR HEIGHT CHART STICKER SET",132,599,1704.61
"PASTEL STRIPE HAMMOCK ",70,209,1703.97
"POPCORN HOLDER , LARGE",92,1010,1699.51
"RED POLKADOT BEAKER ",134,3920,1698.88
"PINK MARSHMALLOW SCARF KNITTING KIT",90,619,1698.72
"12 RED ROSE PEG PLACE SETTINGS",232,1277,1697.36
"ASSORTED TUTTI FRUTTI ROUND BOX",133,999,1692.15
"SET/4 SPRING FLOWER DECORATION",152,1247,1690.01
"RAIN HAT WITH RED SPOTS",157,4461,1689.88
"BEADED PEARL HEART WHITE ON STICK",199,2083,1688.13
"SET OF 36 DOILIES SPACEBOY DESIGN ",112,1212,1687.00
"SILK PURSE BABUSHKA BLUE",111,497,1686.49
"ASSORTED COLOUR SILK COIN PURSE",47,3558,1685.46
"VINTAGE KITCHEN PRINT PUDDINGS",118,2770,1685.05
"ROSE 1 WICK MORRIS BOXED CANDLE",128,898,1684.02
"SET 12 COLOUR PENCILS DOLLY GIRL ",232,2382,1681.50
"JINGLE BELL HEART ANTIQUE GOLD",102,782,1680.48
"SET OF 2 CHRISTMAS DECOUPAGE CANDLE",208,1550,1679.10
"SUNFLOWER DECORATIVE PARASOL",72,176,1675.86
"MINT GREEN ROSE TOWEL",200,442,1672.37
"BLUE POLKADOT GARDEN PARASOL",89,200,1668.49
"12 DAISY PEGS IN WOOD BOX",211,970,1666.63
"PINK HANGING HEART T-LIGHT HOLDER",76,880,1664.16
"SMALL REGAL  SILVER CANDLEPOT ",70,580,1663.96
"GLITTER CHRISTMAS HEART ",143,1964,1662.31
"TOXIC AREA  DOOR HANGER ",285,2407,1661.86
"RING OF ROSES BIRTHDAY CARD",288,4011,1661.01
"PLAYING CARDS I LOVE LONDON ",115,1207,1660.04
"SET OF 2 CERAMIC PAINTED HEARTS ",125,1183,1659.37
"RETRO BLUE SPOTTY WASHING UP GLOVES",156,965,1655.74
"ASSORTED WHITE EMBOSSED CHINA MUGS",54,706,1652.40
"ENAMEL BLUE RIM BISCUIT BIN",130,312,1651.49
"HANGING  BUTTERFLY T-LIGHT HOLDER",73,1340,1651.36
"SILVER RECORD COVER FRAME",41,365,1649.64
"WOODLAND STORAGE BOX SMALL",99,1029,1649.17
"HEART T-LIGHT HOLDER WILLIE WINKIE",112,969,1649.05
"RED RETROSPOT SHOPPING BAG",112,633,1647.63
"MOROCCAN BEATEN METAL MIRROR",50,270,1644.17
"CERAMIC BIRDHOUSE BUTTERFLY SMALL",82,698,1643.07
"CHILDRENS TOY COOKING UTENSIL SET",168,750,1642.13
"MONEY BOX HOUSEKEEPING DESIGN",196,1342,1641.21
"SET 12 COLOURING PENCILS DOILY",191,2204,1638.70
"VINTAGE KITCHEN PRINT FRUITS",101,3530,1637.01
"RIDGED GLASS POSY VASE ",140,995,1636.68
"RED HEARTS LIGHT CHAIN ",99,629,1636.42
"DINOSAURS WATER TRANSFER TATTOOS ",201,1907,1636.24
"CHRISTMAS TREE DECORATION WITH BELL",258,3789,1633.83
"SET OF 3 BIRD LIGHT PINK FEATHER ",348,2278,1633.63
"CHRISTMAS MUSICAL ZINC HEART ",115,1893,1631.95
"WRAP GREEN PEARS ",151,3883,1630.86
"SWALLOW CIGAR BOX MATCHES ",94,1392,1630.56
"SMALL GLASS SUNDAE DISH CLEAR",116,1067,1630.05
"CROSS STITCH ALPHABET CUSHION COVER",91,245,1628.59
"DOOR MAT GREEN PAISLEY ",86,270,1628.54
" I LOVE LONDON MINI BACKPACK",86,389,1628.17
"CLASSIC FRENCH STYLE BASKET BROWN",102,353,1627.36
"HANGING CHICK  YELLOW DECORATION",113,1148,1623.44
"BLUE GINGHAM ROSE QUILT ",29,72,1622.96
"WHITE BIRD GARDEN DESIGN MUG",35,8824,1622.79
"BUTTERFLIES STICKERS",268,1829,1620.84
"CARAVAN SQUARE TISSUE BOX",291,2152,1620.79
"MIRROR MOSAIC HURRICANE LAMP ",79,515,1620.34
"SEASIDE FLYING DISC",176,1277,1620.09
"FELT EGG COSY BLUE RABBIT ",241,1576,1618.21
"FRENCH FLORAL CUSHION COVER ",105,1051,1616.48
"LAUREL HEART ANTIQUE SILVER",97,1309,1613.82
"RED VINTAGE SPOT BEAKER",198,1891,1613.59
"CHILDS GARDEN RAKE PINK",152,815,1612.53
"PACK OF 12 PINK POLKADOT TISSUES",272,5211,1612.06
"SILVER DIAMANTE PEN IN GIFT BOX",134,660,1611.98
"PINK UNION JACK  LUGGAGE TAG",288,1182,1611.63
"PACK OF 12 STICKY BUNNIES",323,2233,1609.28
"CHOCOLATE 1 WICK MORRIS BOX CANDLE",89,615,1609.07
"CIRCUS PARADE CHILDRENS EGG CUP ",149,1235,1607.82
"YELLOW COAT RACK PARIS FASHION",108,338,1606.98
"ENAMEL PINK COFFEE CONTAINER",171,1206,1605.57
"WOODLAND WATER TRANSFER TATTOOS ",190,1882,1605.00
"CERAMIC BIRDHOUSE CRESTED TIT LARGE",64,301,1601.21
"LOLITA  DESIGN  COTTON TOTE BAG",136,1044,1597.41
"FILIGREE HEART DAISY WHITE",98,1247,1596.67
"FAIRY CAKES NOTEBOOK A7 SIZE",403,3554,1594.44
"LARGE STRIPES CHOCOLATE GIFT BAG",102,1449,1594.31
"ROUND STORAGE TIN VINTAGE LEAF",103,864,1593.58
"ROSE SCENT CANDLE JEWELLED DRAWER",97,733,1591.75
"BLUE CALCULATOR RULER",204,1251,1591.09
"BUDDHA INCENSE HOLDER ASSORTED",56,2180,1590.64
"BLACK MINI TAPE MEASURE ",202,1545,1589.03
"VINTAGE KEEPSAKE BOX PARIS DAYS",116,212,1588.80
"SET/6 IVORY BIRD T-LIGHT CANDLES",84,849,1587.16
"UNION STRIPE CUSHION COVER ",167,1217,1582.33
"PENS ASSORTED FUNKY JEWELED ",170,5772,1582.31
"ASSORTED COLOUR SILK COSMETIC PURSE",50,1407,1581.78
"SET 36 COLOUR PENCILS LOVE LONDON",126,1105,1581.06
"SET/10 IVORY SPOTTY PARTY CANDLES",80,1263,1580.97
"SET/6 STRAWBERRY PAPER CUPS",33,13388,1580.34
"GARDEN PATH SKETCHBOOK",155,525,1578.59
"POLKADOT COFFEE CUP & SAUCER PINK",117,1589,1577.62
"NATURAL BARK CANDLE LARGE",69,369,1577.53
"ENCHANTED BIRD PLANT CAGE",124,448,1573.51
"BLACK CHERRY LIGHTS",58,243,1572.45
"HIPPY CHIC DECORATIVE PARASOL",54,221,1571.75
"SET/6 STRAWBERRY PAPER PLATES",28,12846,1571.50
"ASSORTED BOTTLE TOP  MAGNETS ",194,3461,1570.76
"ROCOCO WALL MIRROR WHITE",45,78,1567.14
"ENGLISH ROSE EDWARDIAN PARASOL",4,509,1567.00
"PINK POLKADOT CHILDRENS UMBRELLA",135,429,1566.93
"SET 12 PEAR BOTANICAL T-LIGHTS",97,549,1564.32
"HANGING SPRING FLOWER EGG LARGE",147,1820,1562.33
"SET OF 36 DINOSAUR PAPER DOILIES",171,1056,1562.27
"TWO EMBOSSED HEART MINI DRAWERS",29,677,1558.94
"HANGING BAUBLE T-LIGHT HOLDER SMALL",76,675,1555.79
"SPRING DEC , HANGING CHICK  GREEN",100,1154,1554.62
"PARTY PIZZA DISH RED RETROSPOT",153,2812,1552.24
"ANGEL DECORATION PAINTED ZINC ",146,2509,1550.96
"METAL TUBE CHIME ON BAMBOO",68,1220,1549.77
"LILAC DIAMANTE PEN IN GIFT BOX",149,645,1549.57
"FOLDING UMBRELLA  PINK/WHITE  SPOT",49,584,1549.34
"ROSE DU SUD DRAWSTRING BAG",184,429,1547.54
"BLUE CUSHION COVER WITH FLOWER",39,283,1545.53
"PANTRY PASTRY BRUSH",212,1155,1545.02
"RED RETROSPOT BIG BOWL",108,328,1544.68
"MINI HIGHLIGHTER PENS",50,15121,1544.52
"GREEN FERN JOURNAL ",149,771,1544.39
"GLITTER CHRISTMAS TREE WITH BELLS",142,1132,1542.10
"RED SHARK HELICOPTER",122,190,1541.22
"SMALL ROUND CUT GLASS CANDLESTICK",62,317,1539.99
"NOEL GARLAND PAINTED ZINC ",184,1825,1539.28
"SEASIDE STRIPE HAMMOCK",83,189,1538.79
"SILK PURSE RUSSIAN DOLL PINK",90,462,1537.32
"ANTIQUE GLASS RIDGED HANGING BALL",58,801,1537.07
"BASKET OF FLOWERS SEWING KIT",143,1838,1534.13
"SET OF 4 SANTA PLACE SETTINGS",108,1202,1531.95
"FROSTED BOX 9 WHITE T-LIGHT CANDLES",215,3820,1531.82
"WHITE TRAVEL ALARM CLOCK",224,611,1527.32
"RAIN PONCHO ",100,2016,1524.79
"VINTAGE GLASS TEA CADDY",98,240,1517.26
"ANGEL DECORATION WITH LACE PADDED",124,1775,1516.85
"WHITE TEA,COFFEE,SUGAR JARS",89,660,1516.50
"ASSORTED MINI MADRAS NOTEBOOK",69,1773,1512.76
"WHITE CHRISTMAS STAR DECORATION",172,3433,1511.53
"CARD PSYCHEDELIC APPLES",340,3532,1511.40
"BATHROOM SET LOVE HEART DESIGN",43,607,1511.23
"ETCHED GLASS STAR TREE DECORATION",102,1059,1509.99
"VINTAGE RED MUG",131,2293,1508.44
"LARGE TAHITI BEACH BAG",81,239,1504.15
"POLKADOT RAIN HAT ",293,3340,1503.71
"GIANT BLACK SUNGLASSES",34,538,1503.64
"SET OF 4 FAIRY CAKES COASTERS ",148,1188,1503.20
"RIBBONS PURSE ",127,760,1502.98
"COSY SLIPPER SHOES SMALL GREEN",177,511,1502.00
"FRENCH BLUE METAL DOOR SIGN 2",203,1080,1501.68
"VINTAGE RED TRIM ENAMEL BOWL ",108,1155,1501.03
"PINK HEARTS PAPER GARLAND",111,918,1500.39
"FOLDING BUTTERFLY MIRROR HOT PINK ",152,1868,1496.07
"PINK  HEART CONFETTI IN TUBE",149,1305,1495.70
"BLACK GRAND BAROQUE PHOTO FRAME",59,727,1493.53
"VINTAGE CARAVAN GIFT WRAP",128,3600,1492.00
"FRENCH ENAMEL UTENSIL HOLDER",107,371,1491.81
"IVORY WICKER HEART SMALL",130,2271,1491.75
"BOOM BOX SPEAKER GIRLS",118,613,1491.03
"PAPERWEIGHT VINTAGE COLLAGE",120,841,1489.77
"WOODLAND BUNNIES LOLLY MAKERS",124,652,1488.65
"CHRISTMAS TABLE SILVER CANDLE SPIKE",103,1718,1486.10
"SILVER MINI TAPE MEASURE ",117,1598,1485.68
"SPACEBOY ROCKET LOLLY MAKERS",113,667,1485.43
"BLUE WHITE SPOTS GARDEN PARASOL",59,276,1485.24
"ASSORTED TUTTI FRUTTI HEART BOX",137,1106,1485.22
"MINI JIGSAW PURDEY",171,3712,1484.92
"GOLD MINI TAPE MEASURE ",294,1961,1481.10
"ASSORTED FARMYARD ANIMALS IN BUCKET",51,3871,1479.70
"FOLKART HEART NAPKIN RINGS",174,645,1476.16
"GLASS SPHERE CANDLE STAND MEDIUM",74,360,1475.32
"COUNTRY COTTAGE  DOORSTOP GREEN",150,315,1475.25
"BLUE PAISLEY SKETCHBOOK",146,470,1475.20
"WHITE HEART CONFETTI IN TUBE",118,1283,1473.95
"RED RETROSPOT TISSUE BOX",232,2595,1473.63
"POTTING SHED COFFEE MUG",111,1267,1473.33
"SILVER ROCCOCO CHANDELIER",25,72,1472.62
"PAPERWEIGHT CHILDHOOD MEMORIES",83,821,1468.92
"KITCHEN FLOWER POTS WALL PLAQUE",114,586,1467.21
"GINGHAM ROSE WRAP",122,3569,1466.98
"DRAWER KNOB CERAMIC BLACK",88,991,1466.07
"IVORY STRING CURTAIN WITH POLE ",53,552,1464.58
"SET 12 COLOUR PENCILS LOVE LONDON",169,1859,1464.38
"MOTORING TISSUE BOX",275,2376,1464.33
"MOODY BOY  DOOR HANGER ",250,2118,1463.16
"SMALL CHOCOLATES PINK BOWL",350,2238,1461.07
"CARD HOLDER LOVE BIRD LARGE ",84,232,1460.50
"RED DRAGONFLY HELICOPTER",111,179,1459.83
"SCHOOL DESK AND CHAIR ",17,23,1459.75
"BUNNY WOODEN PAINTED WITH BIRD ",275,1729,1458.30
"BLUE FLYING SINGING CANARY",114,366,1456.94
"SPOTS DESIGN MUG W PINK INSIDE",74,923,1455.68
"MAGNETS PACK OF 4 RETRO PHOTO",184,1917,1453.66
"200 BENDY SKULL STRAWS",119,1273,1452.82
"SMALL STRIPES CHOCOLATE GIFT BAG ",91,2477,1450.91
"DECORATION WHITE CHICK MAGIC GARDEN",243,1654,1449.96
"CARD SUKI BIRTHDAY",355,3419,1447.53
"ZINC  STAR T-LIGHT HOLDER ",46,1220,1445.18
"SET OF 3 GOLD FLYING DUCKS",76,363,1444.91
"ORANGE TV TRAY TABLE ",73,548,1442.39
"SMALL RETRO SPOT MUG IN BOX  WHITE",81,386,1437.38
"LARGE PINK GLASS SUNDAE DISH",111,1096,1437.22
"BLUE CHARLIE+LOLA PERSONAL DOORSIGN",147,1914,1436.34
"BEADED CHANDELIER T-LIGHT HOLDER",38,698,1435.82
"PAPER POCKET TRAVELING FAN ",255,10266,1434.21
"BLUE POLKADOT KIDS BAG",151,585,1433.51
"BIRTHDAY CARD, RETRO SPOT",331,3379,1431.60
"DINOSAUR LUNCHBOX WITH CUTLERY",113,570,1429.90
"BLACK EAR MUFF HEADPHONES",98,249,1428.23
"IVORY LOVE BIRD CANDLE",151,1284,1427.08
"VINTAGE RED ENAMEL TRIM PLATE",80,842,1426.10
"SKULLS WRAP",109,3400,1424.00
"DAIRY MAID SUGAR JAM BOWL",90,1389,1423.91
"HERB MARKER ROSEMARY",252,2042,1423.62
"FRIDGE MAGNETS LA VIE EN ROSE",95,1581,1422.78
"TOAST ITS - HAPPY BIRTHDAY",222,1147,1422.47
"HANGING HEN ON NEST DECORATION",114,829,1420.47
"EIGHT PIECE SNAKE  SET",180,1118,1420.43
"PINK SWEETHEART BRACELET",150,338,1418.97
"YULETIDE IMAGES GIFT WRAP SET",133,1193,1417.78
"COSY SLIPPER SHOES SMALL  RED ",131,451,1417.06
"ASS FLORAL PRINT MULTI SCREWDRIVER",195,2878,1416.84
"GLITTER SNOW PEAR TREE DECORATION",118,1869,1415.85
"BLUE DRAGONFLY HELICOPTER",115,174,1413.00
"RETRO SPOT PARTY BAG + STICKER SET",34,938,1412.25
"LARGE YELLOW BABUSHKA NOTEBOOK ",215,1217,1412.22
"CHRISTMAS TREE PAINTED ZINC ",145,3552,1407.50
"ENVELOPE 50 BLOSSOM IMAGES",317,2251,1407.39
"SMALL MEDINA STAMPED METAL BOWL ",104,1747,1405.94
"FRIDGE MAGNETS LES ENFANTS ASSORTED",90,1674,1402.41
"PACK OF 6 LARGE FRUIT STRAWS ",151,2283,1402.32
"IVORY CHANDELIER T-LIGHT HOLDER",38,658,1401.43
"CANDY SPOT CUSHION COVER",146,421,1401.11
"WAY OUT METAL SIGN ",111,1067,1399.83
"HERB MARKER THYME",249,2006,1398.04
"DOLLY GIRL CHILDRENS EGG CUP",140,1061,1397.66
"FRENCH STYLE EMBOSSED HEART CABINET",48,58,1397.19
"FRENCH BLUE METAL DOOR SIGN No",173,1054,1395.97
"PINK WHITE SPOTS GARDEN PARASOL",56,204,1394.70
"PINK/WHITE RIBBED MELAMINE JUG",78,171,1394.16
"DANISH ROSE ROUND SEWING BOX",95,914,1393.76
"ASSORTED FLORAL SECATEURS",42,3179,1393.34
"RED SPOTTY LUGGAGE TAG",195,1006,1392.80
"SMALLFOLKART BAUBLE CHRISTMAS DEC",148,3787,1392.78
"DECORATION  BUTTERFLY  MAGIC GARDEN",257,1529,1392.19
"WOVEN BERRIES CUSHION COVER ",154,433,1390.20
"PACK OF 12 VINTAGE CHRISTMAS TISSUE",155,3051,1389.59
"BEACH HUT KEY CABINET",125,439,1388.91
"MILK PAN PINK POLKADOT",80,347,1388.88
"FUNKY FLOWER PICNIC BAG FOR 4",75,121,1384.46
"PINK AND WHITE CHRISTMAS TREE 120CM",103,409,1384.21
"GREEN FERN SKETCHBOOK ",136,466,1381.53
"BLUE ROSE FABRIC MIRROR",191,1287,1381.44
"6 HOOK JEWELLERY STAND BLACK DRESS",49,552,1380.52
"IVORY CAFE HANGING LAMP ",45,116,1380.42
"ZINC BOX SIGN HOME",64,141,1378.75
"WRAP PAISLEY PARK ",120,3275,1375.50
"MR ROBOT SOFT TOY",80,361,1371.42
"RETRO SPOT CERAMIC TOASTRACK",103,390,1370.23
"PARTY INVITES DINOSAURS",221,1621,1369.81
"WALL ART VILLAGE SHOW ",67,240,1369.71
"MULTICOLOUR HONEYCOMB FAN",137,1477,1369.69
"TRAVEL CARD WALLET TRANSPORT",278,3171,1369.12
"RED  SPOTTY COFFEE  MUG",53,710,1367.79
"PINK PAISLEY ROSE GIFT WRAP",115,3325,1364.50
"REINDEER HEART DECORATION SILVER",145,1537,1363.87
"WRAP,SUKI AND FRIENDS",110,3350,1363.00
"VINTAGE BEAD COSMETIC BAG ",53,1826,1362.90
"EGG CUP NATURAL CHICKEN",204,1524,1362.71
"RECYCLED PENCIL WITH RABBIT ERASER",310,5943,1362.27
"HERB MARKER PARSLEY",249,1975,1361.42
"RED CHARLIE+LOLA PERSONAL DOORSIGN",165,2448,1360.20
"BLUE KASHMIRI COFFEE TABLE ",4,27,1359.95
"PINK/WHITE CHRISTMAS TREE 60CM",103,1764,1359.17
"GARLAND, MAGIC GARDEN 1.8M",95,669,1357.71
"JARDIN ETCHED GLASS FRUITBOWL",71,191,1355.99
"STRAWBERRIES  DESIGN FLANNEL ",240,1903,1355.72
"CARD HOLDER LOVE BIRD SMALL",72,332,1355.24
"HANGING CHICK GREEN DECORATION",125,912,1355.04
"PIN CUSHION BABUSHKA PINK",153,504,1352.93
"TOP SECRET PEN SET",73,1259,1352.11
"CLEAR COLOUR GLASS GEMS IN BAG",39,1125,1351.18
"RABBIT  DESIGN  COTTON TOTE BAG",172,551,1349.88
"BLACK TEA TOWEL CLASSIC DESIGN",219,1305,1349.34
"DECORATIVE FLORE BATHROOM BOTTLE",277,883,1347.62
"CLEAR MILKSHAKE GLASS",83,569,1345.95
"CHRISTMAS DECOUPAGE CANDLE",127,2465,1345.10
" 3 STRIPEY MICE FELTCRAFT",129,692,1343.98
"JUNGLE POPSICLES ICE LOLLY MOULDS",153,962,1341.37
"SET/4 BADGES BALLOON GIRL",176,1038,1340.82
"BLUE SCANDINAVIAN PAISLEY WRAP",116,3225,1338.50
"BLUE  SPOTTY EGG CUP ",99,994,1338.36
"WRAP VINTAGE PETALS  DESIGN",104,3300,1338.00
"ROMANTIC IMAGES GIFT WRAP SET",161,1448,1336.76
"SET/3 POLKA DOT STACKING TINS",96,265,1336.71
"PACK 6 HEART/ICE-CREAM PATCHES",179,1059,1335.06
"WALL ART VINTAGE HEART",32,332,1334.49
"JAZZ HEARTS MEMO PAD",32,10967,1334.11
"MINI CAKE STAND T-LIGHT HOLDER",182,2774,1330.50
"YELLOW POT PLANT CANDLE",52,505,1329.49
"PINK DOG BOWL",158,677,1329.43
"RED/CREAM STRIPE CUSHION COVER ",147,1011,1327.77
"3D SHEET OF DOG STICKERS",270,1418,1326.59
"PAPER LANTERN 9 POINT SNOW STAR ",37,241,1325.03
"SCOTTIES CHILDRENS APRON",187,819,1323.32
"BUNNY EGG BOX",105,1047,1321.59
"HOME SWEET HOME 2 DRAWER CABINET",70,254,1321.38
"CHEST 7 DRAWER MA CAMPAGNE",34,54,1320.48
"RED SPOTTY WASHBAG",132,586,1319.96
"VINTAGE BEAD PINK PURSE ",143,1057,1319.81
"GARDEN PATH POCKET BOOK",81,5555,1317.91
"WHITE STITCHED CUSHION COVER",64,231,1317.81
"SWALLOW SQUARE TISSUE BOX",242,2100,1317.69
"SNOWSTORM PHOTO FRAME FRIDGE MAGNET",138,1567,1317.65
"ORANGE SCENTED SET/9 T-LIGHTS",259,1502,1313.84
"BEACH HUT DESIGN BLACKBOARD",81,422,1313.52
"VINTAGE CHRISTMAS PAPER GIFT BAG",100,1608,1313.39
"WOVEN BUBBLE GUM CUSHION COVER",122,413,1312.30
"SET/6 PINK BIRD T-LIGHT CANDLES",151,727,1311.09
"DOOR HANGER  MUM + DADS ROOM",158,1050,1309.70
"METAL SIGN CUPCAKE SINGLE HOOK",271,1198,1309.46
"PINK HEART CANDY BUTTON CALCULATOR",47,551,1308.74
"TALL ROCOCO CANDLE HOLDER",38,144,1306.22
"BLUE POLKADOT WASHING UP GLOVES",202,571,1304.94
"MINI JIGSAW BAKE A CAKE ",118,3300,1304.61
"PINK HEART SHAPE PHOTO FRAME",125,729,1304.18
"CHRYSANTHEMUM SKETCHBOOK ",146,452,1302.56
"GREEN MINI TAPE MEASURE ",74,1610,1301.72
"RATTLE SNAKE EGGS",165,1530,1298.93
"MIRROR MOSAIC GOBLET CANDLE HOLDER",55,693,1298.91
"LAVENDER INCENSE IN TIN",117,2096,1298.77
"RETRO PLASTIC ELEPHANT TRAY",157,1624,1298.01
"FELT FARM ANIMAL RABBIT",131,1345,1294.80
"RETRO MOD TRAY",256,1461,1294.69
"EASTER DECORATION EGG BUNNY ",117,1473,1292.72
"JIGSAW TOADSTOOLS 3 PIECE",156,1093,1292.59
"SET 4 NURSERY DES ROUND BOXES",37,3049,1289.31
"PINK NEW BAROQUECANDLESTICK CANDLE",81,861,1287.49
"PARTY INVITES JAZZ HEARTS",238,1492,1286.87
"CANDY POP CHUNKY KNITTED THROW ",51,101,1282.90
"HERB MARKER MINT",248,1833,1281.94
"RETRO SPOTS PUDDING BOWL",74,296,1281.76
"CHRYSANTHEMUM NOTEBOOK",169,3669,1280.97
"VINTAGE EMBOSSED HEART",113,973,1280.18
"CANDLE PLATE LACE WHITE",92,549,1279.79
"PINK POLKADOT KIDS BAG",115,541,1279.21
"DANISH ROSE BEDSIDE CABINET",20,33,1278.35
"PAPERWEIGHT SAVE THE PLANET",92,659,1276.12
"SILVER VANILLA  FLOWER CANDLE POT",60,344,1275.62
"SKULLS STORAGE BOX LARGE",95,505,1274.93
"METAL WALL SHELF UNIT WITH HOOKS",13,30,1274.47
"MARIE ANTOINETTE TRINKET BOX SILVER",30,334,1273.76
"CERAMIC BIRDHOUSE RED ROOF SMALL",51,547,1270.39
"YELLOW SHARK HELICOPTER",106,156,1269.06
"BLACK BAROQUE WALL CLOCK ",66,115,1268.66
"3D STICKERS VINTAGE CHRISTMAS",38,1060,1268.00
"SET OF PICTURE FRAME  STICKERS",122,343,1266.50
"SMALL POLKADOT CHOCOLATE GIFT BAG ",76,1461,1266.42
"SET OF 6 T-LIGHTS EASTER CHICKS",83,427,1264.53
"UNION FLAG WINDSOCK",88,1088,1263.47
"BEADED PEARL HEART WHITE LARGE",86,737,1262.09
"BLACK TEA,COFFEE,SUGAR JARS",82,494,1261.68
"CERAMIC BOWL WITH LOVE HEART DESIGN",126,769,1261.15
"STANDING METAL RABBIT WITH EGG",78,688,1260.82
"BLACK CHAMPAGNE GLASS",64,1845,1260.63
"FOLDING UMBRELLA  CREAM/MULTI  SPOT",53,379,1260.25
"GLASS CAKE STAND MIRRORED BASE",37,78,1259.76
"POCKET BAG PINK PAISELY BROWN SPOT",158,884,1258.34
"HERB MARKER CHIVES ",220,1806,1256.54
"ANTIQUE GLASS PLACE SETTING",49,869,1256.21
"EMBROIDERED RIBBON REEL EMILY ",98,573,1256.17
"GOLD WINE GLASS",7,361,1255.08
"MINI JIGSAW BUNNIES",175,3052,1254.19
"POSY CANDY BAG",73,4143,1254.17
"SET OF 4 KNICK KNACK TINS LEAVES ",54,306,1253.78
"SILK PURSE RUSSIAN DOLL BLUE",69,377,1252.63
"PINK STITCHED WALL CLOCK",113,760,1252.44
"FRENCH BLUE METAL DOOR SIGN 3",177,910,1251.69
"BLUE KASHMIRI OCCASIONAL TABLE",11,24,1249.45
"HANGING ENGRAVED METAL HEART",78,297,1249.11
"CRAZY DAISY HEART DECORATION",199,1616,1248.69
"TUB 24 HANGING EASTER EGGS SPOTTY",36,378,1248.57
"75 GREEN FAIRY CAKE CASES",193,2198,1247.77
"STARS GIFT TAPE ",226,2414,1244.40
"BIRD DECORATION RED RETROSPOT",164,1341,1244.07
"FRENCH BLUE METAL DOOR SIGN 5",165,905,1242.84
"MARIE ANTOINETTE TRINKET BOX GOLD",18,318,1242.60
"PINK PAISLEY CUSHION COVER ",53,434,1242.29
"SMALL RETRO SPOT MUG IN BOX  RED",84,325,1242.29
"ASSORTED COLOUR SET 6 TEASPOONS",86,270,1240.52
"GIANT SEVENTEEN DRAWER SIDEBOARD",6,8,1240.00
"SINGLE WIRE HOOK IVORY HEART",82,884,1238.76
"GIN AND TONIC DIET METAL SIGN",50,498,1237.50
"SMALL LICORICE DES PINK BOWL",218,1171,1237.37
"SILVER RETRODISC LAMPSHADE",20,607,1234.27
"T-LIGHT HOLDER WHITE LACE",116,1406,1232.43
"PIN CUSHION RUSSIAN DOLL RED",36,395,1230.67
"CHRYSANTHEMUM  JOURNAL",140,629,1229.73
"TEATIME PEN CASE & PENS",59,10061,1227.75
"RED POLKA DOT TISSUE BOX",107,1003,1224.89
"MAGNETS PACK OF 4 VINTAGE LABELS ",212,1736,1223.80
"IVORY WIRE KITCHEN ORGANISER",40,121,1220.82
"CUPID DESIGN SCENTED CANDLES",92,710,1219.83
"PAPER BUNTING VINTAGE PARTY",47,428,1218.48
"FENG SHUI PILLAR CANDLE",118,6402,1216.38
"HOUSE WRECKING METAL SIGN ",145,764,1216.22
"JIGSAW RABBIT AND BIRDHOUSE",164,953,1215.65
"EASTER DECORATION NATURAL CHICK",168,1853,1215.56
"GREEN GOOSE FEATHER CHRISTMAS TREE ",77,292,1214.70
"SET OF THREE 50'S GIFT WRAPS ",55,639,1214.50
"BEACH HUT SHELF W 3 DRAWERS",73,315,1214.01
"DOORMAT BIRD ON THE WIRE",23,231,1213.87
"FELT FARM ANIMAL CHICKEN",119,943,1213.83
"DANISH ROSE FOLDING CHAIR",29,120,1210.00
"PIN CUSHION BABUSHKA RED",85,362,1209.46
"  DOORMAT UNION JACK GUNS AND ROSES",60,179,1206.81
"MIRROR MOSAIC T-LIGHT HOLDER ",59,1851,1206.54
"RED SPOTTY EGG CUP ",77,948,1205.25
"DAIRY MAID TOASTRACK",143,907,1205.07
"BEADED CRYSTAL HEART PINK SMALL",168,800,1204.83
"COLOURFUL STANDING GNOME",49,722,1204.38
"MIRRORED WALL ART PHOTO FRAMES",77,247,1203.57
"ASSORTED TUTTI FRUTTI BRACELET",197,3262,1203.52
"FLYING PIG WATERING CAN",106,468,1202.49
"DRAWER KNOB VINTAGE GLASS STAR",62,557,1201.04
"SET OF 3 DANISH ROSE PLANTERS",53,930,1200.82
"GREEN JUICY FRUIT PHOTO FRAME",123,452,1200.23
"Next Day Carriage",79,79,1200.00
"BLUE TV TRAY TABLE ",83,229,1198.00
"CLASSICAL ROSE SMALL VASE",81,623,1196.29
"SET/3 POT PLANT CANDLES",74,199,1195.97
"LARGE ENGLISH ARBORETUM",7,113,1195.15
"MILK PAN BLUE RETROSPOT",77,311,1192.13
"CUSHION COVER PINK UNION JACK",70,188,1192.10
"HEART T-LIGHT HOLDER",81,2132,1189.42
"PACK OF 12 CIRCUS PARADE TISSUES ",188,3866,1189.36
"PINK SMALL GLASS CAKE STAND",105,544,1189.23
"BLUE POLKADOT BEAKER ",92,2868,1188.20
"3D STICKERS TRADITIONAL CHRISTMAS ",36,980,1187.00
"ASS FLORAL PRINT SCISSORS",25,6842,1186.90
"LARGE CHUNKY GLASS ROMAN BOWL",26,300,1185.92
"SET OF 6 T-LIGHTS WEDDING CAKE ",57,442,1184.42
"WHITE CHRISTMAS HEART DECORATION",128,2717,1183.63
"WALL ART LOVES' SECRET ",39,239,1180.35
"MUSICAL ZINC HEART DECORATION ",176,2764,1179.88
"CARD CAT AND TREE ",264,2691,1178.34
"CHERUB HEART DECORATION SILVER ",88,1356,1177.00
"BIRTHDAY BANQUET GIFT WRAP",102,2840,1176.80
"NATURAL HANGING QUILTED HEARTS ",72,1454,1175.38
"SET/12 TAPER CANDLES",158,1270,1175.15
"CARD PARTY GAMES ",295,2783,1173.88
"12 ASS ZINC CHRISTMAS DECORATIONS",76,499,1173.25
"SET/3 TALL GLASS CANDLE HOLDER PINK",38,106,1171.83
"FELT FARM ANIMAL WHITE BUNNY ",168,2036,1171.73
"SET/4 COLOURFUL MIXING BOWLS",72,117,1170.51
"BIRD DECORATION RED SPOT",141,1267,1169.55
"LAVENDER TOILETTE BOTTLE",79,558,1168.08
"MINI PLAYING CARDS DOLLY GIRL ",120,2631,1165.13
"EMBROIDERED RIBBON REEL DAISY ",71,579,1164.98
"6 CROCHET STRAWBERRIES",86,969,1164.53
"SKULLS DESIGN FLANNEL",221,1689,1164.50
"SET OF 2 CERAMIC CHRISTMAS TREES",94,786,1163.13
"NAMASTE SWAGAT INCENSE",76,4436,1163.04
"ASSORTED TUTTI FRUTTI PHOTO FRAME",29,421,1162.89
"EGG CUP MILKMAID HEIDI",83,883,1159.43
"VINTAGE WOODEN BAR STOOL",17,43,1157.90
"3D SHEET OF CAT STICKERS",220,1267,1157.25
"FLORAL BATHROOM SET",49,2332,1157.23
"FELT TOADSTOOL  SMALL",142,1218,1156.78
"MINI PLAYING CARDS BUFFALO BILL ",119,2884,1156.51
"PERIWINKLE T-LIGHT HOLDER",52,3174,1156.22
"SMALL CHUNKY GLASS ROMAN  BOWL",47,695,1154.97
"PINK ROSE FABRIC MIRROR",153,1141,1154.45
"BIRDCAGE DECORATION TEALIGHT HOLDER",110,960,1153.26
"RED HEART LUGGAGE TAG",214,824,1153.20
"GLITTER CHRISTMAS TREE",130,1772,1148.06
"PINK POT PLANT CANDLE",81,334,1147.72
"WRAP, BILLBOARD FONTS DESIGN",72,2941,1147.22
"CERAMIC STRAWBERRY TRINKET TRAY",134,431,1146.67
"CUBIC MUG BLUE POLKA DOT",10,1252,1145.26
"METAL SIGN HIS DINNER IS SERVED",198,835,1145.20
"STAR  T-LIGHT HOLDER ",84,725,1145.06
"BOTANICAL ROSE GIFT WRAP",94,2815,1144.30
"RED FLOCK LOVE HEART PHOTO FRAME",158,1714,1143.71
"FRYING PAN BLUE POLKADOT ",60,277,1143.41
"CARD GINGHAM ROSE ",167,2802,1142.30
"BLACK SMALL GLASS CAKE STAND",78,609,1142.02
"CARD WEDDING DAY",218,2731,1140.67
"PAPER LANTERN 9 POINT SNOW STAR",52,258,1139.58
"MINI PLAYING CARDS SPACEBOY ",146,2747,1139.20
"BLACK SILVER FLOWER T-LIGHT HOLDER",23,11520,1138.04
"CHRISTMAS MUSICAL ZINC TREE",144,1799,1137.26
"3D STICKERS CHRISTMAS STAMPS",34,940,1137.00
"WHITE WITH BLACK CATS MUG",108,5251,1136.38
"TABLE LAMP WHITE SHADE WOOD BASE",40,217,1136.19
"JIGSAW TREE WITH WATERING CAN",193,1659,1135.78
"SCOTTIE DOGS BABY BIB",305,2178,1135.56
"GREEN CAT FLORAL CUSHION COVER ",103,421,1135.22
"MINI PAINTED GARDEN DECORATION ",121,2872,1134.65
"BLUE  DIAMANTE PEN IN GIFT BOX",106,460,1132.15
"RIBBON REEL, XMAS SOCK/BAUBLE",46,700,1131.00
"BLUE NEW BAROQUE CANDLESTICK CANDLE",71,804,1130.37
"ASSORTED COLOUR SILK GLASSES CASE",61,2008,1129.36
"MODERN VINTAGE COTTON SHOPPING BAG",68,895,1128.40
"DECORATION , WOBBLY CHICKEN, METAL ",76,787,1128.16
"ETCHED GLASS BIRD TREE DECORATION",83,856,1122.26
"KITTENS DESIGN FLANNEL",204,1798,1120.14
"MINI PLAYING CARDS GYMKHANA",120,2522,1119.22
"ENGLISH ROSE SPIRIT LEVEL ",140,1031,1118.92
" TRELLIS COAT RACK",56,227,1118.61
"ASSORTED LAQUERED INCENSE HOLDERS",76,6243,1117.94
"SMALL RED SPOT  WINDMILL",76,852,1116.44
"TRAVEL CARD WALLET UNION JACK",222,2595,1115.93
"VINTAGE PINK DECORATIVE PARASOL",53,134,1114.46
"EMBROIDERED RIBBON REEL SUSIE ",70,566,1114.26
"FRUIT TREE AND BIRDS WALL PLAQUE",50,289,1114.11
"FOLDING UMBRELLA BLACKBLUE POLKADOT",103,231,1112.89
" CHERRY BLOSSOM  DECORATIVE FLASK",30,313,1111.67
"50'S CHRISTMAS PAPER GIFT BAG",103,1352,1108.89
"HANGING QUILTED PATCHWORK APPLES",89,1258,1108.58
"DOLLY HONEYCOMB GARLAND",66,857,1108.43
"VINTAGE SHELLS PRINT",79,138,1107.92
"FLOOR LAMP SHADE WOOD BASE",29,122,1107.43
"BLUE PAISLEY POCKET BOOK",122,5162,1105.80
"CAMOUFLAGE EAR MUFF HEADPHONES",87,171,1105.44
"FRENCH BLUE METAL DOOR SIGN 4",168,798,1104.35
"CUBIC MUG FLOCK BLUE ON BROWN",32,1256,1103.50
"MUMMY MOUSE RED GINGHAM RIBBON",83,204,1101.94
"SMALL KITCHEN FLOWER POTS PLAQUE",69,400,1101.55
"PINK FAIRY CAKE COASTER",26,2706,1099.88
"WRAP WEDDING DAY",77,2799,1099.58
"GOLD STANDING GNOME",49,276,1098.86
"MA CAMPAGNE MINI WOODEN CHEST",22,301,1097.80
"FRENCH LAVENDER SCENT HEART",108,1090,1095.98
"SILVER JEWELLED MIRROR TRINKET TRAY",64,130,1095.63
"CANDY SPOT EGG WARMER HARE",152,1363,1094.97
"S/16 VINTAGE SKY BLUE CUTLERY",51,84,1092.42
"SILVER  CANDLEPOT JARDIN ",82,285,1092.09
"3 WICK CHRISTMAS BRIAR CANDLE ",70,283,1091.83
"FOLDING UMBRELLA CREAM POLKADOT",76,235,1091.08
"ZINC  HEART T-LIGHT HOLDER",69,868,1090.66
"PRETTY HANGING QUILTED HEARTS",74,1278,1090.02
"GLITTER HEART DECORATION",142,2470,1088.98
"SET OF 3 CONEY ISLAND OVAL BOXES",99,274,1088.69
"PINK JUICY FRUIT PHOTO FRAME",104,387,1087.73
"SILVER HEARTS TABLE DECORATION",157,1288,1086.65
"MAGIC DRAWING SLATE LEAP FROG ",173,2823,1085.15
"PINK BUTTERFLY HANDBAG W BOBBLES",150,248,1080.87
"GIFT BAG PSYCHEDELIC APPLES",186,1711,1080.60
"BEADED CRYSTAL HEART PINK ON STICK",256,1445,1080.11
"SCANDINAVIAN 3 HEARTS NAPKIN RING",162,2284,1079.44
"EASTER TIN CHICKS PINK DAISY",111,623,1079.00
"EIGHT PIECE CREEPY CRAWLIE SET",134,843,1078.89
"PARTY INVITES FOOTBALL",163,1433,1078.01
"I LOVE LONDON BEAKER",97,860,1077.30
"LARGE ROUND CUTGLASS CANDLESTICK",34,157,1075.91
"VINTAGE BEAD PINK SCARF ",63,460,1073.75
"WHITE BAROQUE WALL CLOCK ",57,104,1070.92
"ANTIQUE CREAM CUTLERY SHELF ",65,117,1070.82
"VINTAGE BEAD PINK EVENING BAG",104,647,1068.91
"RIDGED GLASS STORAGE JAR CREAM LID",67,268,1068.57
"4 IVORY DINNER CANDLES GOLD FLOCK",67,825,1067.84
"DRAWER KNOB CERAMIC RED",74,720,1067.60
"ASSORTED EASTER DECORATIONS  BELLS",32,883,1067.35
"SWEETIES  STICKERS",173,1159,1064.12
"SET OF 72 GREEN PAPER DOILIES",161,665,1063.88
"FRENCH PAISLEY CUSHION COVER ",118,642,1063.77
"BLUE POLKADOT COFFEE MUG",83,2151,1063.34
"EMBROIDERED RIBBON REEL SOPHIE  ",42,297,1062.35
"DECORATIVE WICKER HEART SMALL",109,1596,1062.28
"ASSTD MULTICOLOUR CIRCLES MUG",88,1746,1062.22
"TRAVEL CARD WALLET SUKI",266,2389,1062.00
"WHITE BITTY LIGHT CHAIN ",45,247,1061.25
"POLKA DOT PEN",24,1248,1060.80
"ASSORTED EASTER GIFT TAGS",66,1244,1060.18
"PAINTED METAL TREE WITH HOLLY BELLS",75,737,1058.99
"VIPPASSPORT COVER ",111,547,1058.79
"HOME SWEET HOME 3 PEG HANGER ",64,272,1057.28
"HEART EAR MUFF HEADPHONES",55,166,1056.89
"WRAP CHRISTMAS SCREEN PRINT",114,3625,1056.75
"POP ART PEN CASE & PENS",31,10614,1056.40
"DOLLY GIRL WALL ART",11,318,1055.94
"BLUE TEATIME PRINT BOWL ",143,797,1052.47
"BLUE 5 PATCH FLOWER CUSHION COVER",35,435,1052.29
"PINK 5 PATCH FLOWER CUSHION COVER ",36,433,1052.11
"HANGING CLEAR MINI BOTTLE",41,1734,1051.14
"PINK KASHMIRI COFFEE TABLE ",3,20,1050.00
"BLACK BIRD GARDEN DESIGN MUG",37,6156,1048.83
"ESSENTIAL BALM 3.5g TIN IN ENVELOPE",72,11424,1048.76
"HEART T-LIGHT HOLDER ",95,691,1048.51
"SILVER GLASS T-LIGHT SET",56,359,1048.09
"MIDNIGHT GLAMOUR SCARF KNITTING KIT",142,640,1045.94
"HOME SWEET HOME BOTTLE ",86,474,1045.80
"BUBBLE GUM CHUNKY KNITTED THROW ",32,83,1044.23
"70'S ALPHABET WALL ART",15,150,1043.10
"CANDY SHOP  STICKER SHEET",144,1140,1042.72
"EASTER DECORATION HANGING BUNNY",161,2546,1042.71
"S/3 PINK COL METAL BASKET W HANDLE",50,129,1042.16
"SWISS CHALET TREE DECORATION ",189,1975,1040.36
"WRAP  VINTAGE DOILY ",94,2474,1039.08
"CARD DOG AND BALL ",215,2444,1036.09
"ZINC HEART FLOWER T-LIGHT HOLDER",79,795,1033.28
"PINK OVAL JEWELLED MIRROR",86,179,1032.33
"COCKLE SHELL DISH",118,505,1032.31
"PINK HEARTS LIGHT CHAIN ",67,365,1031.48
"MAGIC GARDEN FELT GARLAND ",93,443,1031.37
"SET OF 4 NAPKIN CHARMS LEAVES   ",96,474,1029.98
"BUNNY DECORATION MAGIC GARDEN",182,1190,1027.89
"BEACH HUT MIRROR",76,389,1027.79
"GINGHAM OVEN GLOVE RED HEART ",100,253,1026.63
"BISCUITS SMALL BOWL LIGHT BLUE",256,1544,1025.60
"CANDY HEART HANGING DECORATION",112,1546,1025.02
"SKULLS STORAGE BOX SMALL",119,517,1023.02
"LUNCHBAG SPACEBOY DESIGN ",45,644,1022.60
"BLACK CHRISTMAS TREE 120CM",51,276,1022.09
"HEART MINI PORTRAIT FRAME",87,518,1021.76
"VINTAGE BEAD NOTEBOOK",113,320,1020.92
"MADRAS NOTEBOOK MEDIUM",98,1032,1020.84
"TROPICAL PASSPORT COVER ",194,580,1020.73
"ASSTD FRUIT+FLOWERS FRIDGE MAGNETS",93,3120,1020.72
"ZINC SWEETHEART WIRE LETTER RACK",90,263,1020.69
"LIPSTICK PEN BABY PINK",234,2118,1020.27
"CONGRATULATIONS BUNTING",76,185,1019.63
"CURIOUS IMAGES SCRAP BOOK SET",106,481,1017.48
"WALL ART MID CENTURY MODERN ",20,164,1015.78
"RETRO PLASTIC POLKA TRAY",183,1988,1015.21
"WALL ART BUFFALO BILL ",37,335,1014.85
"EAU DE NILE JEWELLED PHOTOFRAME",49,511,1013.25
"FRENCH BLUE METAL DOOR SIGN 6",133,739,1013.18
"STRAWBERRY CANDY BAG",102,2218,1011.70
"SET OF 4 POLKADOT PLACEMATS ",92,208,1010.46
"SET/6 EAU DE NIL BIRD T-LIGHTS",107,549,1009.85
"SET/6 COLLAGE PAPER CUPS",223,2929,1008.81
"PINK GLASS CANDLEHOLDER",78,304,1007.52
"SWEETHEART WALL TIDY ",43,108,1007.08
"36 DOILIES SPACEBOY DESIGN ",56,710,1006.82
"COLOURFUL FISHING GNOME",48,298,1003.98
"SET OF SKULL WALL STICKERS",60,404,1003.45
"PACK OF 6 COCKTAIL PARASOL STRAWS",111,2506,1002.54
"PING! MICROWAVE PLATE",128,320,1002.26
"YULETIDE IMAGES S/6 PAPER BOXES",80,799,1000.50
"FRAPPUCINO SCARF KNITTING KIT",126,614,1000.27
"WALL ART GARDEN HAVEN ",36,215,998.64
"FIRST CLASS PASSPORT COVER ",105,499,997.20
"FOLKART ZINC STAR CHRISTMAS DEC",82,1145,996.53
"EMBROIDERED RIBBON REEL REBECCA ",63,334,996.38
"MRS ROBOT SOFT TOY",53,273,996.19
"MISELTOE HEART WREATH CREAM",1,240,996.00
"EAU DE NILE HEART SHAPE PHOTO FRAME",95,575,995.36
"BLUE PAISLEY NOTEBOOK",117,3357,993.68
"ROSES IN WHITE HEART CANDLE ",64,1818,991.38
"BIRTHDAY PARTY CORDON BARRIER TAPE",116,794,991.05
"BLUE PAINTED KASHMIRI TABLE ",2,17,990.00
"LIBRARY LAMP",28,42,989.62
"MAGAZINE RACK GEBRA ASSORTED ",31,737,987.36
"SET/9 CHRISTMAS T-LIGHTS SCENTED ",85,764,986.26
"FOLDING BUTTERFLY MIRROR RED  ",99,1262,985.88
"FILIGREE WALL MIRROR  ANTIQUE WHITE",30,96,985.54
"EMBROIDERED RIBBON REEL RACHEL ",44,362,983.30
"BLOSSOM  IMAGES NOTEBOOK SET",47,718,982.47
"BLUE JUICY FRUIT PHOTO FRAME",104,368,981.85
"PASTEL COLOUR HONEYCOMB FAN",120,1079,980.27
"SILVER VANILLA FLOWER CANDLE POT",72,254,979.74
"DOORSTOP RACING CAR DESIGN",71,389,978.79
"EMBROIDERED RIBBON REEL SALLY ",74,478,977.39
"GREEN FERN NOTEBOOK",119,3493,977.33
"EMBROIDERED RIBBON REEL ROSIE",57,501,977.32
"SILVER PHOTO FRAME",82,413,977.21
"KNITTED MUG COSY IVORY COLOUR ",58,598,975.24
"MIRROR MOSAIC CANDLE PLATE",99,1191,974.72
"WHITE GLASS CHUNKY CHARM BRACELET",62,108,973.40
"SILVER GLITTER FLOWER VOTIVE HOLDER",77,2931,972.63
"HANGING BUTTERFLY  EGG",68,1180,971.35
"LARGE WHITE/PINK ROSE ART FLOWER",38,650,970.79
"BEADED CRYSTAL HEART PINK LARGE",107,795,970.40
"SILVER FISHING GNOME ",60,127,970.29
"HAWAIIAN GRASS SKIRT ",73,678,970.28
"ROSE DU SUD OVEN GLOVE",127,332,969.23
"SET OF 12 MINI BUNNIES IN A BUCKET",74,1673,967.86
"MOTHER'S KITCHEN SPOON REST ",84,226,967.17
"ABSTRACT CIRCLES POCKET BOOK",95,5441,967.02
"FRENCH BLUE METAL DOOR SIGN 7",124,725,966.83
"EDWARDIAN TOILET ROLL UNIT ",34,166,966.35
"ORIGAMI LAVENDER INCENSE/CANDL SET ",113,862,965.50
"MULTI HEARTS  STICKERS",155,1114,964.06
"WHITE HEARTS WIRE PLANT POT HOLDER",71,343,963.27
"PARTY INVITES BALLOON GIRL",151,1288,962.75
"BLACK STITCHED WALL CLOCK",67,755,961.86
"BLOSSOM IMAGES GIFT WRAP SET",152,994,961.14
"CURIOUS IMAGES GIFT WRAP SET",161,894,960.49
"ASSORTED TUTTI FRUTTI KEYRING BALL",111,1674,959.59
"TRAVEL CARD WALLET RETROSPOT",218,2197,958.20
"S/3 FLWR FAIRY LAVENDER CANDLES",14,445,957.73
"WHITE CHRISTMAS TREE DECORATION ",103,2221,957.63
"CHUNKY SILVER NECKLACE PASTEL FLOWE",58,95,957.35
"MAGIC DRAWING SLATE GO TO THE FAIR ",153,2374,956.13
"WALL ART DOLLY GIRL ",26,319,956.05
"PACK OF 12 VINTAGE DOILY TISSUES",119,2272,955.42
"CHERRY BLOSSOM BATHROOM CABINET",51,193,955.35
"SMALL PINK MAGIC CHRISTMAS TREE",121,1791,954.32
"RED RETROSPOT TAPE",258,2036,953.31
"FOLDING UMBRELLA  WHITE/RED  SPOT",28,262,953.00
" PEACE WOODEN BLOCK LETTERS",49,137,952.74
"GARDEN PATH NOTEBOOK ",90,3616,952.61
"PINK PAISLEY SQUARE TISSUE BOX ",180,1680,951.61
"ADULT APRON APPLE DELIGHT",45,185,950.83
"RETROSPOT CANDLE  SMALL",80,1153,949.30
"CHRISTMAS CRAFT HEART DECORATIONS",70,448,947.08
"BLUE YELLOW FLOWER PIGGY BANK",44,489,946.72
"MOROCCAN BEATEN METAL DISH LARGE",30,110,946.68
"SMALL FOLKART STAR CHRISTMAS DEC",111,2387,946.55
"SQUARECUSHION COVER PINK UNION FLAG",52,134,945.30
"WRAP GINGHAM ROSE ",82,2276,943.92
"JAM CLOCK MAGNET",68,330,943.92
"ROMANTIC IMAGES SCRAP BOOK SET",102,477,943.44
"CAKE SHOP  STICKER SHEET",112,1082,941.71
"GOLD PHOTO FRAME",79,480,940.56
"DAISY NOTEBOOK ",112,3611,939.80
"TUMBLER, NEW ENGLAND",68,499,937.68
"DANISH ROSE DECORATIVE PLATE",79,1059,937.44
"PINK BUTTERFLY CUSHION COVER ",99,259,937.09
"RETRO LAUNDRY TUB PINK",48,86,936.74
"PINK PAINTED KASHMIRI CHAIR",9,27,935.15
"WHITE/BLUE PULL BACK RACING CAR",144,1717,934.72
"CERAMIC LOVE HEART MONEY BANK",82,1067,934.59
"WALL ART THE MAGIC FOREST ",13,148,933.16
"VINTAGE KEEPSAKE BOX TRAVELOGUE",86,189,932.50
"GLASS BONBON JAR PARFUME AUX FLEURE",159,670,932.47
"ROMANTIC IMAGES NOTEBOOK SET",49,651,932.04
"ENGLISH ROSE SCISSORS",48,4387,931.86
"CLOCK MAGNET MUM'S KITCHEN",53,324,930.48
"ASSTD DESIGN 3D PAPER STICKERS",51,1805,929.43
"EASTER DECORATION SITTING BUNNY",153,1082,928.55
"WHITE GOOSE FEATHER TREE 60CM ",68,394,927.66
"PANDA AND BUNNIES STICKER SHEET",178,1038,926.47
"PINK CAT BOWL",165,515,926.01
"CREAM CUSHION COVER WITH FLOWERS",60,198,925.62
"FRENCH CARRIAGE LANTERN",58,137,925.35
"TRAVEL CARD WALLET SKULLS",192,2145,925.29
"BAKING MOULD ROSE WHITE CHOCOLATE",50,288,925.22
"SET/4 BADGES DOGS",159,684,924.97
"ANIMALS AND NATURE WALL ART",17,267,923.97
"WHITE ADVENT CANDLE",48,465,923.05
"FRENCH BLUE METAL DOOR SIGN 8",127,677,922.82
"BEADED CRYSTAL HEART GREEN LARGE",83,912,921.69
"RETRO LAUNDRY TUB PISTACHIO",53,98,918.91
"SET 5 MINI GATEAUX  FRIDGE MAGNETS",8,2636,918.68
"ROSES ON BLUE TEACUP CANDLE ",6,539,918.65
"SMALL SPOTTY CHOCOLATE GIFT BAG ",77,1073,918.49
"NEW BAROQUE JEWELLERY BOX ",52,108,918.27
"TUB 24 PINK FLOWER PEGS",169,533,917.58
"PINK YELLOW PATCH CUSHION COVER",31,383,916.83
"RED RETROSPOT LUGGAGE TAG",158,617,916.13
"EGG FRYING PAN RED ",109,431,915.40
"ETCHED GLASS DROPLET DECORATION",48,1927,914.67
"RED DAISY POCKET BOOK ",78,5375,914.50
"POLYESTER FILLER PAD 65CMx65CM",49,215,913.75
"WOVEN FROST CUSHION COVER",96,260,913.52
"PINK/PURPLE RETRO RADIO",88,305,913.39
"GLASS CHALICE GREEN  LARGE ",56,398,913.34
"BLACK CHRISTMAS TREE 60CM",57,961,911.77
"FLOWERS  STICKERS",159,1212,909.87
"JINGLE BELLS TREE DECORATION",118,494,909.46
"S/2 ZINC HEART DESIGN PLANTERS",57,92,909.40
" NINE DRAWER OFFICE TIDY",33,59,909.37
"WHITE STITCHED WALL CLOCK",56,867,907.96
"TRAVEL CARD WALLET PANTRY",221,2011,906.94
"STRING OF STARS CARD HOLDER",49,322,906.83
"WRAP MONSTER FUN ",83,2157,905.94
"DECORATION , HANGING METAL RABBIT",60,835,905.27
"DECORATION  PINK CHICK MAGIC GARDEN",173,1016,904.86
"GLASS CHALICE BLUE SMALL ",93,974,903.72
"SMALL PINK GLASS SUNDAE DISH",84,1166,903.50
"PINK STRIPE HOT WATER BOTTLE",57,286,902.47
"BLUE CHALET BIRDFEEDER",36,291,902.03
"WALL ART WORK REST AND PLAY  ",31,210,901.58
"BLOSSOM IMAGES SCRAP BOOK SET",85,497,901.04
"DANISH ROSE TRINKET TRAYS",54,325,900.95
"ANTIQUE CREAM CUTLERY CUPBOARD",51,78,899.93
"FROG CANDLE",124,999,898.79
"SET/5 BLUE SPOTTY LID GLASS BOWLS",43,314,898.72
"PARTY INVITES SPACEMAN",136,1078,897.12
"BLUE GLASS GEMS IN BAG",81,915,896.76
"FLOWER FAIRY INCENSE LAVENDER",17,4542,896.34
"LARGE HANGING GLASS+ZINC LANTERN",1,560,896.00
"BLUE SWEETHEART BRACELET",98,211,895.84
"CHRYSANTHEMUM POCKET BOOK ",63,5782,895.38
"GREEN SWEETHEART BRACELET",91,214,895.20
"HANGING SPRING FLOWER EGG SMALL",131,1760,889.46
"SPACEBOY WALL ART",13,306,885.90
"ORIGAMI JASMINE INCENSE/CANDLE SET",126,728,885.02
"JAZZ HEARTS MAGNETIC MEMO PAD",32,7084,884.56
"FRYING PAN BLUE POLKADOT",103,230,882.49
"PLASMATRONIC LAMP",40,106,881.90
"WIRE EGG BASKET ",44,114,880.23
"PLAYING CARDS VINTAGE DOILY ",92,701,880.16
"PSYCHEDELIC WALL THERMOMETER",34,716,878.21
"BLACK PILLAR CANDLE SILVER FLOCK",18,612,877.80
"PEG BAG APPLE DESIGN",29,388,876.90
"PANTRY 3 HOOK ROLLING PIN HANGER",66,219,876.90
"BIRD DECORATION GREEN POLKADOT",164,944,875.89
"RED POLKADOT COFFEE  MUG",73,1589,874.62
"MADRAS NOTEBOOK LARGE ",42,403,873.99
"MINI JIGSAW DINOSAUR ",189,2041,873.73
"MARAKESH LANTERN SMALL ",13,199,873.25
"FORKED CACTUS CANDLE",76,342,872.90
"CANDY PINK FRENCH BOUDOIR CLOCK",58,90,872.76
"MIRRORED DOVE WALL DECORATION",85,343,872.34
"VINTAGE NOTEBOOK PARIS DAYS",75,358,872.31
"HANGING BAUBLE T-LIGHT HOLDER LARGE",79,282,871.55
"SCALLOP SHELL SOAP DISH",36,1637,870.89
"REINDEER HEART DECORATION GOLD",103,994,869.98
"RED SPOTTY PUDDING BOWL",31,3828,869.23
"GOLD FISHING GNOME",57,129,868.25
"BROCADE PURSE,SMALL ARCH BUTTON",69,3280,867.84
"WRAP RED VINTAGE DOILY",68,2100,866.00
"SILVER SKULL HOT WATER BOTTLE ",92,207,865.48
"BLACK METAL BAROQUE PHOTO FRAME",38,510,864.10
"ACRYLIC GEOMETRIC LAMP",32,51,863.85
"LARGE  TALL CAMPHOR WOOD TOADSTOOL ",46,188,860.36
"FRENCH BOTTLE , LAVENDER",96,476,860.08
"DECORATIVE HANGING SHELVING UNIT",11,15,859.25
"ELEPHANT TOY WITH BLUE T-SHIRT",112,223,858.66
" HOME SWEET HOME  BLACKBOARD",41,129,857.24
"HELLO SAILOR BLUE SOAP HOLDER",103,484,857.23
"GREEN FERN POCKET BOOK",64,5734,856.66
"SET/12 FUNKY FELT FLOWER PEG IN BAG",87,429,855.84
"RETRO LONGBOARD IRONING BOARD COVER",151,347,853.44
"GIFT BAG BIRTHDAY",110,1365,852.93
"COLUMBIAN CANDLE RECTANGLE",76,879,852.91
"BUFFALO BILL WALL ART ",16,248,852.72
"CHARLIE+LOLA""EXTREMELY BUSY"" SIGN",141,1291,852.53
"2 PICTURE BOOK EGGS EASTER BUNNY",88,768,849.24
"PAIR PADDED HANGERS PINK CHECK",95,246,849.17
"ANT COPPER LIME BOUDICCA BRACELET",100,170,849.00
"RETROSPOT CANDLE  LARGE",52,714,848.93
"LARGE CAMPHOR WOOD FIELD MUSHROOM ",61,139,847.59
"LOVELY BONBON STICKER SHEET",141,942,845.36
"BUNNY WOODEN PAINTED WITH FLOWER ",185,1007,845.30
"WHITE WITH BLACK CATS PLATE",70,6168,843.88
"CERAMIC BIRDHOUSE BLACK ROSE  LARGE",35,166,843.55
"LAVENDER SCENTED SET/9 T-LIGHTS",116,1043,841.75
"ANTIQUE EDWARDIAN DRESSER",12,53,841.70
"EGG CUP MILKMAID INGRID",76,644,841.31
"PACK OF 12 PAISLEY PARK TISSUES ",136,1843,841.01
"TEA TIME PAPER LANTERNS",81,386,840.92
"PINK 3 TIER GLASS PLATE STAND",26,119,840.45
"BROWN FLOWER LIGHTS",35,120,838.52
"INLAID WOOD INCENSE HOLDER",43,3707,837.88
"PINK PICNIC BARBECUE BUCKET",48,113,837.77
"FAIRY CAKE NOTEBOOK A5 SIZE",191,877,835.39
"ABSTRACT CIRCLES NOTEBOOK",84,3259,834.31
"MINI  ZINC GARDEN DECORATIONS ",80,1391,834.14
"RIDGED GLASS FINGER BOWL",82,1201,833.59
"TREASURE AHOY WALL ART",16,270,833.46
"PINK FLOWER FABRIC PONY",88,208,831.63
"EASTER BUNNIES ON A STICK",71,1564,831.04
"FRENCH BLUE METAL DOOR SIGN 0",106,626,828.36
"MOUSEY LONG LEGS SOFT TOY",88,301,828.36
"APOTHECARY MEASURING JAR",22,67,826.28
"GREEN METAL SWINGING BUNNY",105,945,825.82
"CERAMIC BIRDHOUSE BUTTERFLY LARGE",22,169,824.95
"MIRRORED WALL ART SKULLS",71,474,824.67
"DECORATIVE PLANT POT WITH FRIEZE",38,103,822.87
"FAIRY CAKE CERAMIC BUTTER DISH",54,242,820.55
"RETRO ""TEA FOR ONE"" ",58,148,819.95
"S/12 MINI RABBIT EASTER",109,481,819.78
"FRENCH STYLE STORAGE JAR CAFE ",70,1982,819.46
"DAISY JOURNAL ",79,442,819.01
"ORIGAMI VANILLA INCENSE/CANDLE SET ",95,731,818.71
"RETROSPOT CANDLE  MEDIUM",63,749,817.45
"SET/4 BADGES BEETLES",133,629,817.17
"JARDIN ETCHED GLASS LARGE BELL JAR",30,92,813.00
"VINTAGE KEEPSAKE BOX PINK FLOWER",67,92,812.93
"SCOTTIES DESIGN WASHBAG",122,410,812.29
"SHAKER THROW  QUILTED",5,52,811.80
"ENGLISH ROSE SCENTED HANGING FLOWER",129,578,810.48
"PAINTED PINK RABBIT ",194,939,809.30
"PINK BUTTERFLY WASHBAG",17,342,808.22
"SMALL BONNE JAM JAR  T-LIGHT HOLDER",22,422,808.16
"CERAMIC LOVE HEARTS DESIGN MUG",103,528,807.64
"RED REINDEER STRING OF 20 LIGHTS",40,150,806.35
"ZINC POLICE BOX LANTERN",6,195,806.22
"PACK/12 XMAS FUN CARD",59,278,803.86
"SKULL LUNCHBOX WITH CUTLERY ",65,301,803.77
"PHOTO FRAME LINEN AND LACE LARGE",43,215,801.68
"MONEY BOX CONFECTIONERY DESIGN",94,652,801.17
"ENVELOPE 50 ROMANTIC IMAGES",174,1167,800.65
"ALPHABET HEARTS STICKER SHEET",135,899,799.61
"DARK BIRD HOUSE TREE DECORATION",186,1722,797.91
"COLUMBIAN CANDLE ROUND",116,1544,797.52
"HORSE & PONY WALL ART",17,256,797.31
"PAINTED YELLOW WOODEN DAISY",167,901,797.27
"ROSE DU SUD CUSHION COVER ",83,170,796.74
"WHITE NEWBAROQUE CANDLESTICK CANDLE",51,651,796.29
"SWEET HEART CAKE CARRIER",44,80,795.58
"VINTAGE PHOTO ALBUM PARIS DAYS",47,110,794.52
"DEEP BLUE GLASS GEMS IN BAG",64,669,794.46
"PEACH KNITTED HEN ",82,662,793.32
"EGG FRYING PAN IVORY ",96,378,792.86
"ZINC HEARTS PLANT POT HOLDER",52,283,792.47
"EMBROIDERED RIBBON REEL CLAIRE",24,224,792.31
"DECORATIVE NET CANOPY CREAM",34,83,792.07
"CUSHION COVER PINK UNION FLAG",28,120,792.06
"PINK JEWELLED PHOTO FRAME",60,101,791.01
"SPOTS MUG",21,437,790.70
"RETRO SPOT CANDLE  LARGE",49,295,789.26
"BLACK SWEETHEART BRACELET",84,186,788.20
"EGG CUP HENRIETTA HEN CREAM ",48,630,787.52
"MILK PAN BLUE POLKADOT",92,227,785.91
"RED APPLES CHOPPING BOARD   ",45,155,785.17
"DOOR MAT NEIGHBOURHOOD WITCH ",51,95,783.87
"PURPLE SWEETHEART BRACELET",99,185,783.66
"PINK PILLAR CANDLE SILVER FLOCK",48,471,783.10
"URBAN CHIC CHOPSTICKS SET/5",57,407,782.18
"FRENCH BLUE METAL DOOR SIGN 9",108,569,781.13
"FOLDING UMBRELLA CHOCOLATE POLKADOT",68,167,780.75
"FUNKY MONKEY MUG",95,743,779.89
"BEADED CRYSTAL HEART BLUE  LARGE",68,684,779.14
"IVORY HANGING BIRD PLANTER ",61,279,776.50
"2 PICTURE BOOK EGGS EASTER CHICKS",65,738,776.05
"SET OF 4 NAPKIN CHARMS 3 KEYS ",87,361,775.59
"BROWN FURRY HOT WATER BOTTLE",49,205,773.97
"RED VICTORIAN FABRIC OVAL BOX",177,1964,773.78
"CERAMIC BIRDHOUSE RED ROOF LARGE",22,168,773.70
"BLUE FLOCK GLASS CANDLEHOLDER",36,1794,772.69
"YELLOW DRAGONFLY HELICOPTER",63,96,770.49
"GRASS HOPPER WOODEN WALL CLOCK ",64,377,770.11
"WRAP BILLBOARD FONTS DESIGN",64,1831,769.02
"FLOWER FAIRY OIL BURNER SET ROSE",14,592,767.00
"FAIRY CAKE WICKER PICNIC BASKET ",36,47,766.52
"TRIPLE WIRE HOOK IVORY HEART",52,182,766.10
"PIECE OF CAMO STATIONERY SET",55,5473,766.09
"TRAVEL CARD WALLET FLOWER MEADOW",173,1764,765.27
"MIRROR LOVE BIRD T-LIGHT HOLDER",42,413,765.13
"MAXWELL 2 TONE BLUE 60 PAGE PHOTO A",28,345,765.02
"SET OF 2 TEA TOWELS PING MICROWAVE",132,303,764.92
"WRAP ALPHABET POSTER  ",64,1855,763.10
"ENAMEL PINK SUGAR CONTAINER",84,434,762.97
"DOLLY CABINET 3 DRAWERS ",30,51,762.45
"MINI PAINT SET VINTAGE  BOY+ GIRL",18,1260,761.40
"GREEN PICNIC BARBECUE BUCKET",43,105,761.25
"SMALL CAMPHOR WOOD FIELD  MUSHROOM",98,527,760.83
"DRAWER KNOB VINTAGE GLASS BALL",54,350,760.80
"PINK ENAMEL+GLASS HAIR COMB",66,402,760.79
"SET OF 4 NAPKIN CHARMS CROWNS ",74,415,760.73
"FRENCH EMROIDR LAVENDER SCENT HEART",67,350,760.50
"COCKTAIL SWORDS 50 PIECES",95,936,760.40
"WALL ART HORSE & PONY ",46,225,760.32
"ANT COPPER TURQ BOUDICCA BRACELET",76,152,759.33
"BLUE GINGHAM ROSE CUSHION COVER",50,123,758.51
"BEADED CRYSTAL HEART GREEN ON STICK",216,980,758.34
"PINK  HONEYCOMB PAPER FAN",95,581,757.80
"EDWARDIAN 2 DRAWER WALL CABINET ",14,52,755.80
"CLAM SHELL SMALL ",82,361,755.57
"ROSE DU SUD WASHBAG ",90,149,754.96
"ASS COL LARGE SAND GECKO P'WEIGHT",57,813,754.83
"DANISH ROSE DELUXE COASTER",74,1330,752.70
"CHRISTMAS TREE HANGING SILVER ",88,803,751.85
"GREEN ENAMEL+GLASS HAIR COMB",97,390,751.75
"18PC WOODEN CUTLERY SET DISPOSABLE",43,567,751.38
"S/4 BLACK DINNER CANDLE SILVER FLOC",46,677,750.91
"GREEN ROSE QUILT ",12,14,750.48
"GLASS CHALICE GREEN  SMALL ",65,510,750.33
"MOROCCAN BEATEN METAL DISH",26,166,749.82
"PINK ROUND BUTTERFLY MIRROR ",21,240,748.48
"VINTAGE BEAD PINK SHADE ",74,563,748.24
"HELLO SAILOR BATHROOM SET",35,1506,747.90
"BLUE PATCH PURSE PINK HEART",107,462,747.73
"RETRO SPOT CANDLE  SMALL",60,408,744.75
" PAINT YOUR OWN CANVAS SET",18,492,744.60
"FOLDING BUTTERFLY MIRROR IVORY ",133,794,742.92
"S/2 BEACH HUT TREASURE CHESTS",40,312,742.90
"FRENCH BLUE METAL DOOR SIGN, 1",79,577,742.67
"BREAD BIN, DINER STYLE, IVORY",10,49,742.55
"SET/4 BADGES CUTE CREATURES",107,557,740.94
"TOYBOX  WRAP ",64,1801,740.42
"ANIMAL STICKERS",100,3521,738.21
"VINTAGE LEAF CHOPPING BOARD  ",45,149,737.95
"FLAG OF ST GEORGE ",49,393,737.03
"PAINTED BIRD ASSORTED CHRISTMAS",42,424,736.57
"ASS FLORAL PRINT TORCH",11,2571,736.55
"SKULLS SQUARE TISSUE BOX",127,1021,734.94
"SET OF 6 ICE CREAM SKITTLES",47,241,734.89
"3 RAFFIA RIBBONS VINTAGE CHRISTMAS",99,827,734.79
"PINK JEWELLED PHOTO FRAME ",53,142,732.79
"JASMINE VOTIVE CANDLE",62,2970,732.66
"LARGE HEART FLOWERS HOOK   ",59,590,732.18
"OLIVE CHALET BIRDFEEDER",26,258,731.68
"MIRRORED WALL ART STARS",77,476,731.53
"S/4 PURPLE DINNER CANDLE BLK FLOCK",34,651,731.22
"SMALL TALL CAMPHOR WOOD TOADSTOOL",88,561,730.62
"SPACE OWL",124,558,730.50
"SET OF 6 RIBBONS PERFECTLY PRETTY  ",43,253,730.37
"TROPICAL LUGGAGE TAG",118,1879,728.97
"BLUE VICTORIAN FABRIC OVAL BOX",166,1813,728.92
"ENVELOPE 50 CURIOUS IMAGES",119,1097,728.17
"RECTANGULAR SHAPED MIRROR",56,675,726.12
"CANDY SPOT HAND BAG",78,347,723.85
"LARGE TORTILLA DESIGN RED BOWL",43,367,723.57
"BLUE  SPOTTY PUDDING BOWL",28,2679,723.55
"PACK 3 IRON ON DOG PATCHES",112,576,722.44
"PINK CAT FLORAL CUSHION COVER ",50,353,721.49
"FOLDING UMBRELLA PINKWHITE POLKADOT",61,147,720.86
"BEACH HUT PHOTO FRAME",40,609,720.70
"EASTER BUNNY GARLAND OF FLOWERS",159,1548,718.66
"CHRISTMAS TREE HANGING GOLD",75,799,718.53
"FOLKART BAUBLE CHRISTMAS DECORATION",46,1352,717.99
"PINK GOOSE FEATHER TREE 60CM",34,323,717.41
"2 PICTURE BOOK EGGS EASTER DUCKS",65,686,717.25
"BLUE KNITTED HEN ",67,565,717.03
"SET/20 COLLAGE PAPER NAPKIN ",92,844,715.40
"DIAMANTE BOW BROOCH BLACK COLOUR",51,111,715.15
"DAISY SKETCHBOOK ",74,269,714.23
"ZINC HEART LATTICE PLANTER BOWL",23,820,713.80
"MEDIUM CHINESE STYLE SCISSOR",65,1573,711.88
"PAPER LANTERN 7 POINT SNOW STAR",28,103,711.51
"GREEN BIRDHOUSE DECORATION",136,978,710.03
"EDWARDIAN HEART PHOTO FRAME",44,160,709.54
"RETROSPOT BABUSHKA DOORSTOP",76,305,709.31
"COSY SLIPPER SHOES LARGE RED",66,204,706.86
"LOUVRE VANITY MIRROR",6,132,705.90
"IVORY HANGING DECORATION  EGG",105,1196,705.74
"PANTRY APPLE CORER",105,472,705.58
"DINOSAUR BIRTHDAY CARD",135,1673,705.19
"CANDY BUTTON PHOTO ALBUM",26,302,703.54
"75 GREEN PETIT FOUR CASES",207,1549,703.50
"SET OF 36 SILVER PAPER DOILIES",80,470,703.34
"PINK & WHITE BREAKFAST TRAY",62,142,703.00
"ANT COPPER PINK BOUDICCA BRACELET",75,141,702.79
"BLACK LOVE BIRD T-LIGHT HOLDER",44,427,701.74
"BLUE SCOTTIE DOG W FLOWER PATTERN",83,279,701.48
"BLUE POLKADOT EGG CUP ",81,1177,701.10
"WHITE HAND TOWEL WITH BUTTERFLY",53,232,698.66
"RIDGED GLASS PENDANT LAMPSHADE",9,44,697.80
"STRAWBERRY SCENTED SET/9 T-LIGHTS",107,837,697.74
"PINK GINGHAM CAT WITH SCARF",75,282,696.75
"3 TRADITIONAL COOKIE CUTTERS  SET",10,366,696.60
"HILDA CANDY SPOT RABBIT",66,167,695.91
"PACK OF 6 SMALL FRUIT STRAWS",100,1716,695.41
"FRENCH STYLE STORAGE JAR BONBONS",74,2338,695.06
"FOLKART CLIP ON STARS",132,1192,694.25
"VINTAGE NOTEBOOK TRAVELOGUE",53,327,693.92
"FLOWER FAIRY OIL BURNER SET SUMMER",13,533,693.25
"ORIGAMI SANDLEWOOD INCENSE/CAND SET",107,591,693.20
"PINK PATCH PENCIL CASE BLUE HEART",37,325,691.14
"S/3 FLWR FAIRY LILLY CANDLES",14,315,690.24
"ROBIN CHRISTMAS CARD",94,1656,689.87
"ASS COL LARGE SAND FROG P'WEIGHT",89,723,689.67
"PINK BREAKFAST CUP AND SAUCER ",54,1659,689.27
"DENIM PATCH PURSE PINK BUTTERFLY",122,417,688.94
"CAROUSEL DESIGN WASHBAG",106,347,688.67
"FLOWER FAIRY,5 SUMMER B'DRAW LINERS",65,270,688.50
"BLACK CHUNKY BEAD BRACELET W STRAP",50,76,688.28
"NEW BAROQUE BLACK PHOTO ALBUM",48,83,687.80
"BOTANICAL ROSE GREETING CARD",128,1615,686.97
"PAPER BUNTING PAISLEY PARK",31,251,684.97
"SET OF 4 NAPKIN CHARMS INSTRUMENT",67,291,684.46
"TURQ+RED BOUDICCA LARGE BRACELET",45,98,684.22
"GREEN GOOSE FEATHER TREE 60CM",56,306,683.82
"SET OF 4 PISTACHIO LOVEBIRD COASTER",111,517,683.45
"MULTICOLOUR  CONFETTI IN TUBE",45,466,683.26
"HOLLY TOP CHRISTMAS STOCKING",84,684,683.10
"TURQ ICE CREAM BUM BAG ",67,306,683.05
"PURPLE GREEN FLOWER PIGGY BANK",26,361,682.99
"RUSTIC STRAWBERRY JAM POT SMALL",32,426,681.54
"LA PALMIERA WALL THERMOMETER",26,453,680.00
"GREEN  DIAMANTE PEN IN GIFT BOX",71,348,679.58
"STRING OF 8 BUTTERFLIES,PINK",76,395,677.87
"HAND TOWEL PALE BLUE W FLOWERS",58,267,676.91
"DANISH ROSE UMBRELLA STAND",32,38,676.45
"IVORY RETRO KITCHEN WALL CLOCK",33,77,675.91
"HEARTS GIFT TAPE",152,1579,674.66
"WOVEN CANDY CUSHION COVER ",78,208,674.65
"TRAVEL CARD WALLET RETRO PETALS",105,1545,674.53
"CAKES AND BOWS GIFT  TAPE",161,1455,673.21
"SET/4 2 TONE EGG SHAPE MIXING BOWLS",44,65,670.95
"BIRD DECORATION GREEN  SPOT",108,690,670.82
"CHRISTMAS CARD SINGING ANGEL",128,1841,670.64
"AMETHYST CHUNKY BEAD BRACELET W STR",47,74,670.23
"HANGING WOOD AND FELT BUTTERFLY ",224,1469,670.11
"RED ORGANIC CANDLE IN GLASS",49,640,669.62
"PINK FELT EASTER RABBIT GARLAND",61,241,669.38
"WRAP FOLK ART",60,2100,669.25
"LARGE BONNE JAM JAR  T-LIGHT HOLDER",11,255,667.85
"BLUE BIRDHOUSE DECORATION",133,941,667.32
"ORIGAMI ROSE INCENSE/CANDLE SET ",116,524,667.14
"GINGHAM BABUSHKA DOORSTOP",62,281,667.10
"FLOWER FAIRY SET 3 CANDLES LAVENDER",30,303,666.85
"SET OF RED SALAD SERVERS ",81,423,666.22
"PINK/WHITE ""KEEP CLEAN"" BULLET BIN",69,179,664.90
"CURIOUS  IMAGES NOTEBOOK SET",25,426,663.94
"FRENCH LATTICE CUSHION COVER ",71,527,663.84
"CERAMIC PLATE LOVE HEART DESIGN",34,611,662.83
"BLACK BAROQUE CARRIAGE CLOCK",52,73,662.12
"LARGE SKULL WINDMILL",60,305,661.78
"PINK METAL SWINGING BUNNY",74,749,661.73
"LUNCHBAG SUKI  DESIGN ",35,410,661.63
"WRAP FLOWER SHOP  ",62,1575,661.50
"FLOWER FAIRY INCENSE ROSE",15,3124,661.23
"PEARLISED IVORY HEART LARGE ",39,418,661.02
"BLUE SPOTTY LUGGAGE TAG ",80,1238,660.40
"VINTAGE WOODEN PLATE RACK",11,17,659.15
"SET/4 BUTTERFLY MIRROR MAGNETS",72,753,658.47
"MINI CAKE STAND HANGING HEARTS",74,363,658.31
"BUNNY EGG GARLAND",152,1400,658.19
"WOVEN SUNSET CUSHION COVER ",76,153,658.07
"FRENCH CHATEAU SMALL FRUITBOWL",33,430,656.82
"FRENCH BLUE METAL DOOR SIGN, 2",77,509,656.41
"ASSORTED CHEESE FRIDGE MAGNETS",66,850,656.24
"LADLE LOVE HEART RED ",145,1508,655.97
"FRENCH CHATEAU LARGE FRUIT BOWL ",27,271,654.01
"GINGHAM HEART WREATH",42,227,653.65
"QUEEN OF THE SKIES PASSPORT COVER ",137,299,652.74
"SMALL POP BOX,FUNKY MONKEY",85,489,652.21
"SET OF 3 PINK FLYING DUCKS",44,121,651.69
"ASS COL SMALL SAND GECKO P'WEIGHT",81,1632,651.60
"POSY SHOPPER BAG",28,1580,649.82
"VICTORIAN METAL POSTCARD CHRISTMAS",46,379,649.74
"CHERUB HEART DECORATION GOLD",71,738,649.02
"FROG SOCK PUPPET",66,199,647.91
"ROSE DU SUD CUSHION COVER",64,109,647.75
"FAIRY DREAMS INCENSE ",187,2798,647.66
"PAPERWEIGHT HOME SWEET HOME",66,327,645.39
"CIRCLE OF FRIENDS CANDLE HOLDER",65,354,645.21
"FRENCH BLUE METAL DOOR SIGN, 3",71,501,645.15
"NEW ENGLAND TEATOWELS",124,322,644.88
"PHOTO FRAME LINEN AND LACE SMALL",59,310,644.80
"SILVER ROCOCO CANDLE STICK",27,201,643.95
"DECOUPAGE,GREETING CARD,",107,1511,643.84
"CHRISTMAS TREE T-LIGHT HOLDER",50,426,643.14
"PACK OF 20 FAIRY CAKE PAPER NAPKINS",94,701,641.17
"WRAP DAISY CARPET ",59,2060,640.95
"BLUE CIRCLES DESIGN MONKEY DOLL",70,435,639.74
"TRIANGULAR RIDGED GLASS POSY HOLDER",75,879,638.80
"NEW BAROQUE IVORY CUSHION COVER ",15,260,638.34
"SET OF 3 CHRISTMAS BRIAR CANDLES",31,179,637.64
"PINK JEWELLED MIRROR TRINKET TRAY",51,81,636.94
"WRAP BLUE RUSSIAN FOLKART",56,2050,636.75
"SET OF 4 BLACK LOVEBIRD COASTERS",93,478,636.18
"VINTAGE JINGLE BELLS WREATH",28,76,635.38
"SILVER TEDDY BEAR",65,229,635.24
"CHRISTMAS CARD SCREEN PRINT ",125,2234,634.92
"BUNTING , SPOTTY ",7,146,634.70
"MIXED NUTS LIGHT GREEN BOWL",140,816,634.28
"HANGING METAL RABBIT DECORATION",59,481,633.26
"FLORAL SOFT CAR TOY",60,153,633.18
"FELT EGG COSY LADYBIRD ",105,842,632.48
"OVAL  MINI PORTRAIT FRAME",47,324,631.58
"THREE MINI HANGING FRAMES",50,147,630.75
"LAUREL HEART ANTIQUE GOLD",44,525,630.73
"PINK PAINTED KASHMIRI TABLE",2,11,630.00
"PURPLE GEMSTONE BRACELET",44,75,629.95
"BLUE PAISLEY TISSUE BOX",140,964,629.94
"5 STRAND GLASS NECKLACE CRYSTAL",31,106,629.74
"SILVER BRACELET W PASTEL FLOWER",41,83,629.70
"SMALL APOTHECARY MEASURING JAR ",28,81,629.05
"STRAWBRY SCENTED VOTIVE CANDLE",66,2445,628.41
"DRAWER KNOB VINTAGE GLASS HEXAGON",30,295,627.95
"STANDING FAIRY POLE SUPPORT ",47,779,627.83
"SIX DRAWER OFFICE TIDY",27,66,626.74
"FLORAL PINK MONSTER",54,167,626.08
"S/5 MINI ICE CREAM FRIDGE MAGNETS",2,1992,625.20
"BUBBLE GUM SCARF KNITTING KIT",52,316,624.21
"DECORATION , HANGING METAL CHICKEN",42,616,623.96
"FOLDING UMBRELLA WHITE/RED POLKADOT",43,123,622.73
"CANDY SPOT TEA COSY",24,391,622.57
"PARTY CONES CANDY DECORATION",67,454,621.96
"STORAGE TIN HOME SWEET HOME",56,275,621.44
"MUM'S KITCHEN CLOCK",49,122,621.09
"ASS COLOUR GLOWING TIARAS",60,761,620.73
"RETRO SISTERS EXPRESSO CUPS",41,430,620.05
"QUEEN OF SKIES LUGGAGE TAG",189,421,619.75
"WRAP, FRIENDSHIP ON GREEN",56,1475,619.50
"BLUE HEART COMPACT MIRROR",35,336,619.27
"WALL ART SPACEBOY",37,173,618.59
"HOT WATER BOTTLE BABUSHKA LARGE",14,136,618.00
"VINTAGE ROSE BEAD BRACELET RASPBERR",84,146,617.92
"HEART BUTTONS JEWELLERY BOX",48,102,616.21
"SET/4 SCENTED CANDLES IN RAMEKINS",9,457,615.84
"SMALL ORIENTAL BLUE FOLDING STOOL",34,282,615.40
"RED POLKADOT PUDDING BOWL",17,3720,615.20
"SILVER DISCO HANDBAG",58,293,613.53
"SET OF 3 WICKER BASKET ROSE",6,71,612.82
"MINI JIGSAW GO TO THE FAIR",86,1446,612.55
"ORANGE FLOWER MUG ",11,5404,612.51
"LARGE APOTHECARY MEASURING JAR ",21,51,612.16
"FLYING SAUCER TABLE LIGHT IN WHITE",13,199,611.51
"DAISY FOLKART HEART DECORATION",87,440,611.38
"FRENCH BLUE METAL DOOR SIGN, 5",65,478,611.36
"GOLD EAR MUFF HEADPHONES",61,110,611.28
"LOO ROLL  METAL SIGN ",77,342,611.26
"PINK RIVIERA HANDBAG",30,347,611.07
"CLAM SHELL LARGE",22,753,610.56
"Dotcomgiftshop Gift Voucher £30.00",24,24,610.09
"FLORAL BLUE MONSTER",61,143,608.83
"12 MINI TOADSTOOL PEGS",95,481,608.81
"BLUE & WHITE BREAKFAST TRAY",59,133,607.79
"PINK/YELLOW FLOWERS HANDBAG",89,395,607.79
"PINK LOVE BIRD CANDLE",88,522,606.49
"TRAVEL CARD WALLET VINTAGE LEAF",117,1415,605.78
"BLUE PATCH PENCIL CASE PINK HEART",50,295,605.73
"CAMPHOR WOOD PORTOBELLO MUSHROOM",99,586,604.37
"EMBROIDERED RIBBON REEL RUBY ",32,168,604.30
"FRENCH BLUE METAL DOOR SIGN, 4",62,474,603.84
"FLOWER FAIRY INCENSE BOUQUET",38,1260,603.38
"BATHROOM SCALES FOOTPRINTS IN SAND",71,133,602.68
"SMALL GREEN PEONY FOLDING STOOL",24,262,602.60
"SCENTED CANDLE IN DIGITALIS TIN",54,265,601.17
"NIGHTINGALE COATHOOK WHITE",61,351,600.92
"WHITE SAGE INCENSE",114,2495,600.17
"JARDIN ETCHED GLASS SMALL BELL JAR",29,118,599.38
"KITTY PENCIL ERASERS",260,2666,599.31
"ASSORTED SHAPES PHOTO CLIP SILVER ",29,1225,597.53
"CLASSICAL ROSE DISH",49,295,596.94
"BLACK/WHITE GLASS/SILVER BRACELET",34,65,596.74
"BLUE  TILE HOOK",48,213,596.08
"COFFEE SCENT PILLAR CANDLE",120,588,595.23
"PACK 3 FIRE ENGINE/CAR PATCHES",76,463,594.68
"PACK OF 12 DOLLY GIRL TISSUES",133,1354,593.62
"WAKE UP COCKEREL CALENDAR SIGN ",62,139,593.50
"CERAMIC BIRDHOUSE FINCH BLUE  LARGE",39,92,593.17
"ZINC HEART LATTICE DOUBLE PLANTER",24,674,593.03
"BLUE SPOTTY PURSE ",70,484,592.85
"GLASS CHICKEN BUTTER DISH",61,333,592.51
"SET/4 BADGES WOODLAND ANIMAL",43,496,592.08
"POLKA DOT PISTACHIO PAIL",48,285,591.66
"ARCHED GREY MIRROR",18,86,591.58
"BLUE PAINTED KASHMIRI CHAIR",6,18,591.50
"GLASS SPHERE CANDLE STAND LARGE ",14,301,590.45
" 4 PURPLE FLOCK DINNER CANDLES",57,351,588.91
"CINNAMON SCENTED VOTIVE CANDLE",68,2216,588.88
"FRENCH BOTTLE, BRASSERIE DES ARTIST",65,326,588.64
"YELLOW BREAKFAST CUP AND SAUCER",43,2716,587.84
"POTTING SHED SEED TIN",20,172,587.80
"SET 12 VINTAGE DOILY CHALK ",110,1315,587.49
"ASSORTED COLOUR LIZARD SUCTION HOOK",74,1497,586.98
"ASSTD DESIGN POP ART SLIM PEN",13,687,586.50
"FRENCH BLUE METAL DOOR SIGN, 8",63,458,586.36
"EGG CUP MILKMAID HELGA ",63,410,586.31
"PACK 4 FLOWER/BUTTERFLY PATCHES",89,415,584.93
"LIGHT BIRD HOUSE TREE DECORATION",82,836,584.55
"SQUARECUSHION COVER PINK UNION JACK",42,173,581.23
"HANGING WOOD AND FELT HEART",208,1225,581.01
"ROUND CACTUS CANDLE",46,302,580.38
"PARTY TIME PENCIL ERASERS",236,2525,580.10
"JARDIN ETCHED GLASS CHEESE DISH",40,221,579.35
"SET/3 POLKADOT STACKING TINS",44,113,578.46
"CONCH SHELL",19,1259,577.69
"FRENCH BLUE METAL DOOR SIGN, 0",54,461,577.51
"RUSTIC STRAWBERRY JAM POT LARGE ",38,279,577.48
"EASTER BUNNY WREATH",36,97,575.99
"ORIGAMI ROSE INCENSE IN TUBE",31,1069,575.76
"CHRISTMAS CARD STACK OF PRESENTS",89,2000,575.48
"GLASS TWIST BON BON JAR",24,74,575.25
"PIN CUSHION BABUSHKA BLUE",59,184,575.10
"6PC WOOD PLATE SET DISPOSABLE",38,459,574.88
"SMALL ORIENTAL RED FOLDING STOOL",21,239,574.71
"BLACK LOVE BIRD CANDLE",93,483,574.18
"FRENCH BLUE METAL DOOR SIGN, 9",54,450,572.58
"FROG KING WATERING CAN",62,206,571.71
"BLUE SPOTTY PASSPORT COVER",88,316,570.85
"WATERING CAN SINGLE HOOK PISTACHIO",39,414,570.84
"THE KING GIFT BAG",30,8101,570.43
"WHITE PEARL BEADED HEART, SMALL",75,445,570.41
"RED ROSE AND LACE C/COVER",48,193,569.35
"EAU DE NIL LOVE BIRD CANDLE",71,506,569.33
"CANDY SPOT HEART DECORATION",152,587,568.73
"EDWARDIAN PHOTO FRAME",32,90,568.71
"LAUREL STAR ANTIQUE SILVER ",61,430,568.60
"WHITE CANDYSTUFT ARTIFICIAL FLOWER",32,450,568.02
"PACK OF 12 VINTAGE LEAF TISSUES ",80,1509,567.95
"GARAGE KEY FOB",147,780,567.76
"ENAMEL COLLANDER CREAM",23,122,567.12
"WRAP BLUE REINDEER",43,1350,567.00
"TEACUP AND SAUCER REGENCY ROSES",14,210,566.70
"RETRO SPOT CANDLE  MEDIUM",36,263,566.22
"VINTAGE COFFEE GRINDER BOX",30,110,566.18
"SET 4 VALENTINE DECOUPAGE HEART BOX",64,174,566.18
"CHARLIE+LOLA MY ROOM DOOR SIGN",112,890,564.16
"CUTE CATS TAPE",118,1345,563.40
"TREE T-LIGHT HOLDER WILLIE WINKIE",44,364,562.22
"ASSTD HEARTS DESIGN MUGS",9,321,561.05
"TEATIME GEL PENS ASST",32,3169,560.48
"SET OF 6 HALLOWEEN GHOST T-LIGHTS",125,1250,560.35
"FRENCH BLUE METAL DOOR SIGN, 7",58,443,560.05
"SET/4 BIRD MIRROR MAGNETS ",94,733,559.81
"CANDY SPOT APRON",53,106,559.28
"KEEP OUT GIRLS DOOR HANGER ",58,795,558.94
"WHITE AND BLUE CERAMIC OIL BURNER",85,413,558.86
"ROUND PINK HEART MIRROR",58,251,558.69
"RIDGED GLASS T-LIGHT HOLDER",71,815,558.59
"SQUARE MINI PORTRAIT FRAME",52,278,558.12
"S/3 PINK SQUARE PLANTERS ROSES",31,48,557.48
"SET OF 36 DOILIES VINTAGE CHRISTMAS",2,444,557.40
"MIRRORED WALL ART POPPIES",64,404,556.01
"EMBOSSED HEART TRINKET BOX",48,250,555.59
"GOLD WINE GOBLET",19,261,555.47
"PAPERWEIGHT KINGS CHOICE ",55,349,554.45
"WHITE MURANO TWIST BRACELET",40,134,554.13
"TUMBLER NEW ENGLAND",53,1267,553.53
"WOODLAND SMALL RED FELT HEART",51,679,552.85
"PINK DISCO HANDBAG",39,304,552.72
"FRENCH BLUE METAL DOOR SIGN, 6",56,432,552.60
"S/4 BLUE DINNER CANDLE SILVER FLOCK",36,425,552.43
" RIDGED GLASS T-LIGHT HOLDER",14,952,552.12
"CLASSICAL ROSE CANDLESTAND",46,564,551.86
"MEASURING TAPE RUSSIAN DOLL PINK",48,182,551.70
"BLUE CLIMBING HYDRANGA ART FLOWER",9,340,551.40
"GREEN BITTY LIGHT CHAIN",72,224,550.77
"BLACK GEMSTONE BRACELET",26,62,550.19
"MEDIUM PARLOUR PICTURE FRAME ",34,136,550.00
"SET/6 BEAD COASTERS GAUZE BAG GOLD",70,716,549.52
"SILVER CHARM NECKLACE 70CM",34,73,549.27
"BEADED CRYSTAL HEART BLUE SMALL",65,420,548.99
"MIRRORED WALL ART SNOWFLAKES",61,636,548.89
"CANDY SPOT BREAD BASKETS",20,343,548.81
"PACK OF 6 PANETTONE GIFT BOXES",18,233,548.63
"CARD, BILLBOARD FONT",100,1312,548.38
"WRAP BIRD GARDEN ",52,1305,548.10
"SET 3 JARDIN DE FEMME SCENT CANDLES",19,367,547.74
"FRENCH CHATEAU OVAL PLATTER",29,213,547.35
"CRYSTAL STUD EARRINGS ASSORTED COL ",29,1118,547.24
"PREMIUM CHURCH CANDLE",45,273,546.96
"FRENCH CHATEAU LARGE PLATTER ",40,191,546.45
"FOLKART CROWN TABLE DECORATIONS",76,525,545.77
"TIGRIS EYE CHUNKY CHARM BRACELET",41,60,545.72
"MARAKESH LANTERN LARGE",12,30,544.50
"SET/6 GINGERBREAD STAR T-LIGHTS",71,384,543.96
"JELLY BABIES YELLOW SMALL BOWL",93,428,543.41
"CROCHET ROSE PURSE WITH SUEDE BACK",47,175,542.30
"BLUE POLKADOT PASSPORT COVER",107,331,540.62
"BLACK SQUARE TABLE CLOCK",52,245,540.24
"ECONOMY LUGGAGE TAG",138,374,539.76
"PARTY PIZZA DISH PINK POLKADOT",88,1312,539.07
"AMBER GLASS/SILVER BRACELET",35,60,539.01
"HANGING HEART BONHEUR",69,610,538.75
"RED BIRD HOUSE TREE DECORATION",87,662,538.44
"BLUE DELPHINIUM ARTIFICIAL FLOWER",19,367,537.37
"TEATIME ROUND PENCIL SHARPENER ",105,3462,537.18
"STARFISH SOAP DISH",66,195,536.39
"FUSCHIA/GREEN STRIPE WOOLLY BLANKET",9,78,536.24
"PHOTO CLIP LINE",81,378,535.40
"HENRIETTA HEN MUG ",42,306,534.66
"JARDIN ETCHED GLASS GINGER JAR",34,61,534.38
"CHERRY BLOSSOM LUGGAGE TAG",81,2006,533.79
"WRAP GREEN RUSSIAN FOLKART ",48,1750,533.75
"SMALL MARAKESH LANTERN ON STICK",29,98,533.24
"COLUMBIAN CANDLE ROUND ",76,471,533.20
"S/4 BLACK MINI ROSE CANDLE IN BOWL",114,546,532.86
"ASS DES PHONE SPONGE CRAFT STICKER",29,1093,532.69
"CAKES AND RABBITS DESIGN FLANNEL ",149,593,532.48
"LADLE LOVE HEART PINK",151,1133,532.03
"GOLD WASHBAG",43,1824,530.51
" IVORY PAPER CUP CAKE CASES ",28,1153,530.16
"SINGLE WIRE HOOK PINK HEART",27,415,530.15
"SPRIG LAVENDER ARTIFICIAL FLOWER",31,679,530.03
"PINK BOUDICCA LARGE BRACELET",25,76,529.22
"BLUE EGG  SPOON",157,2326,529.02
"PASTEL BLUE PHOTO ALBUM ",22,1039,528.56
"HEART BEADED TRELLIS DECORATION",42,249,528.17
"PINK SCOTTIE DOG W FLOWER PATTERN",82,209,526.44
"GREEN SQUARE COMPACT MIRROR",40,377,526.01
"RETRO PLASTIC 70'S TRAY",142,922,525.31
"FUNKY MONKEY GIFT BAG MEDIUM",101,1713,525.01
"CHILDRENS APRON APPLE DESIGN",26,291,524.71
"75 BLACK FAIRY CAKE CASES",63,1020,523.50
"GREEN ROSE CUSHION COVER",20,247,523.43
"BLUE PULL BACK RACING CAR",83,991,523.41
"ROSE SCENT CANDLES IN GLASS",54,643,523.15
"EASTER TIN CHICKS IN GARDEN",50,305,522.93
"FUNKY MONKEY CUSHION COVER",72,374,522.05
"WALL ART I LOVE LONDON ",32,99,521.73
"EGG FRYING PAN PINK ",85,226,521.33
"YELLOW EASTER EGG HUNT START POST",44,263,520.55
"ENAMEL BLUE RIM COFFEE CONTAINER",68,326,519.81
"SUMMER DAISIES BAG CHARM",111,207,519.20
"4 BLUE DINNER CANDLES SILVER FLOCK",50,226,518.78
"BLUE TILED TRAY",22,281,518.50
"SET OF 3 SILVER FLYING DUCKS",25,146,518.40
"CHERRY BLOSSOM TABLE CLOCK ",16,221,518.09
"SILVER FABRIC MIRROR",71,882,518.07
"SILVER BOOK MARK WITH BEADS",96,339,517.91
"WHITE PICNIC BARBECUE BUCKET",29,59,517.43
"OLD DOC RUSSEL METAL SIGN",101,229,516.33
"DAIRY MAID CERAMIC BUTTER DISH",48,115,513.87
"FAWN AND MUSHROOM GREETING CARD",110,1173,513.33
"IVORY WIRE SWEETHEART LETTER TRAY",49,135,511.89
"GREEN 3 TIER GLASS PLATE STAND",18,74,509.90
"BLOND DOLL DOORSTOP",26,334,509.58
"RETRO PINK SPOT WASHING UP GLOVES",56,218,509.00
"WALL ART ANIMALS AND NATURE ",31,154,508.34
"SKULLS TAPE",119,1064,508.25
"FIRST CLASS LUGGAGE TAG ",120,400,507.91
"HAND TOWEL PINK FLOWER AND DAISY",37,241,507.83
"FOLK ART METAL STAR T-LIGHT HOLDER",112,966,507.59
"BOX/12 CHICK & EGG IN BASKET",96,263,507.41
"PAPER LANTERN 9 POINT HOLLY STAR L",20,75,506.01
"SCOTTIES DES CHILD'S APRON",98,303,505.78
"MINI JIGSAW LEAP FROG",66,1247,505.19
"GLASS BONNE JAM JAR",27,121,504.97
"BIRD IN TREE MUG ",8,4643,504.55
"DECORATION WOBBLY RABBIT METAL ",67,830,504.46
"GREEN ROUND COMPACT MIRROR",43,291,504.43
"ZINC HEART LATTICE 2 WALL PLANTER",24,76,502.27
"SET OF 6 RIBBONS COUNTRY STYLE",26,173,502.07
"HOUSE SHAPE PENCIL SHARPENER",128,3358,501.25
"POPPY FIELDS CHOPPING BOARD",45,93,501.23
"PATCHWORK PENCIL CASE BUTTERFLY ",33,251,500.49
"WHITE CHRYSANTHEMUMS ART FLOWER",21,288,500.04
"SET OF 3 BIRD L.BLUE FEATHER",83,421,499.31
"BOTANICAL LAVENDER BIRTHDAY CARD",142,1137,499.03
"DENIM PATCH PENCIL CASE BUTTERFLY",29,252,498.14
"SILVER STANDING GNOME   ",47,98,497.86
"CAROUSEL DES CHILD'S OVERALL",74,257,497.81
"PINK AND WHITE CHRISTMAS TREE 180CM",13,141,497.70
"OPIUM SCENTED VOTIVE CANDLE",48,1992,497.04
"SET/6 BLACK BIRD T-LIGHT CANDLES",58,293,496.91
"CUBIC MUG PINK POLKADOT",56,562,496.83
"BLUE  SPOTTY  COFFEE MUG",35,241,495.98
"S/4 PINK DINNER CANDLE SILVER FLOCK",28,394,494.39
"PURPLE FOXGLOVE ARTIIFCIAL FLOWER",10,326,492.90
"BALLERINA HEART DECORATION.",21,347,492.17
"STRIPY DESIGN SHOWER CAP",60,1087,491.87
"4 SKY BLUE DINNER CANDLES",80,482,491.51
"PARTY PIZZA DISH GREEN POLKADOT",68,1175,491.22
"RED BOUDICCA LARGE BRACELET",29,71,490.92
"GREEN HEART COMPACT MIRROR",40,346,490.81
"ROSE DU SUD CHILDS APRON",52,106,489.14
"VINTAGE GLASS SUGAR CADDY",32,76,488.16
"COLUMBIAN CUBE CANDLE",28,562,487.50
"SALT AND PEPPER SHAKERS TOADSTOOLS",30,397,486.35
"JARDIN ETCHED GLASS BUTTER DISH",30,70,485.90
"MONEY BOX FIRST ADE DESIGN",64,395,485.59
"FELT FARM ANIMAL HEN",72,592,485.45
"OVEN MITT APPLE DESIGN",34,343,485.00
"JADE DROP EARRINGS W FILIGREE",53,97,484.31
"BLUE SQUARE COMPACT MIRROR",37,371,483.75
"LAUREL STAR ANTIQUE GOLD",40,379,483.03
"SET/6 3D KIT CARDS FOR KIDS",50,594,482.39
"BLACK FACE LAMB WITH PANTS",74,126,482.38
"FLOWERS TILE COASTER",52,1108,482.28
"BOTANICAL LAVENDER GIFT WRAP ",45,1150,481.00
"S/4 BURGUNDY WINE DINNER CANDLES",28,788,480.94
"RED PEONY CUSHION COVER ",10,309,480.85
"ELEPHANT BIRTHDAY CARD ",95,1122,479.82
"CLASSIC GLASS SWEET JAR",14,119,479.45
"MAXWELL 2 TONE PINK 60 PAGE PHOTO A",28,186,479.41
"BANK ACCOUNT  GREETING  CARD ",109,1131,479.36
"DAIRY MAID  SMALL  MILK JUG",61,223,478.94
"PANTRY HOOK BALLOON WHISK ",47,213,477.89
"GREEN BLUE FLOWER PIGGY BANK",24,242,477.30
"S/4 ROSE    BOTANICAL  CANDLE",38,127,477.12
"STRIPES DESIGN TEDDY",74,178,476.71
"F.FAIRY S/3 CANDLE/GLASS, ROSE",15,232,476.40
"FIRST CLASS HOLIDAY PURSE ",49,730,476.35
"SET OF 6 RIBBONS PARTY",16,170,476.00
"ASSORTED MONKEY SUCTION CUP HOOK",66,1218,475.56
"PINK BOUDOIR T-LIGHT HOLDER",20,4211,475.43
"BLUE SHARK HELICOPTER",47,59,473.77
"4 ROSE PINK DINNER CANDLES",54,591,472.92
"TEACUP AND SAUCER REGENCY GREEN",13,174,472.50
"RED DAISY PAPER LAMPSHADE",62,355,472.07
"72 CAKE CASES DOLLY GIRL DESIGN",25,943,471.85
"PARTY PIZZA DISH BLUE POLKADOT",81,1200,471.67
"Dotcomgiftshop Gift Voucher £20.00",26,28,471.06
"GREEN MURANO TWIST BRACELET",58,111,470.80
"ENGLISH ROSE PLACEMATS",33,119,470.74
"WALL ART CAT AND BIRD ",40,143,469.73
"SILVER HANGING T-LIGHT HOLDER DOME",36,279,469.11
"ENGLISH ROSE METAL WASTE BIN",66,154,469.10
"S/4 GROOVY CAT MAGNETS",75,307,469.05
"FRENCH BLUE METAL DOOR SIGN, No",48,356,468.94
"MULTICOLOUR RABBIT EGG WARMER",96,389,468.79
"BLUE POLKADOT PUDDING BOWL",15,2574,468.16
"TUMBLER, BAROQUE",21,491,468.07
"PURPLE PILLAR CANDLE BLACK FLOCK",16,322,467.71
"CLEAR LOVE BIRD T-LIGHT HOLDER",39,167,467.65
"LAVENDER SCENT CAKE CANDLE",38,1926,466.38
"SUMMER FUN DESIGN SHOWER CAP",50,1305,465.81
"PACK OF 12 RED APPLE TISSUES",76,1220,465.36
"FOOD/DRINK SPONGE STICKERS",63,2214,464.94
"HANGING WOOD AND FELT FLOWER",154,2360,462.76
"SMALL PARLOUR PICTURE FRAME",33,165,462.45
"GIANT PINK HEART MEMO HOLDER",46,117,462.15
"CHERRY BLOSSOM PASSPORT COVER",121,287,461.88
"SILVER HOOP EARRINGS WITH FLOWER",45,76,461.81
"BASKET/8 SCENTED LOVE TOKEN CANDLES",45,122,461.53
"WRAP KEEP CALM BIRTHDAY",36,1125,460.50
"BLACK ENAMEL FLOWER RING",54,156,460.23
"RED WALL CLOCK",1,60,459.00
"IVORY WALL CLOCK",1,60,459.00
"PINK HEART RED HANDBAG",46,265,457.65
"RIDGED BONNE JAM JAR T-LIGHT HOLDER",25,286,457.62
"PAPER LANTERN 5 POINT STAR MOON ",20,108,456.48
"BLUE MURANO TWIST BRACELET",42,108,455.68
"RED RETROSPOT TOASTRACK",49,123,454.71
"CARTOON  PENCIL SHARPENERS",98,4632,454.52
"LIGHTHOUSE PRINTED METAL SIGN",42,80,454.30
"S/6 HALLOWEEN GHOST T LIGHTS, 5CM H",58,1059,453.99
"ECONOMY PASSPORT COVER ",33,208,453.77
"MIDNIGHT BLUE GLASS/SILVER BRACELET",30,50,452.80
"MINI PLAYING CARDS FUN FAIR ",65,1065,452.72
"RETRO PINK BALL ASHTRAY ",44,365,452.23
"PACK 3 BOXES BIRD PANETTONE ",31,204,451.84
"WRAP MAGIC FOREST ",43,1075,451.50
"CUBIC MUG PINK POLKA DOT",29,120,451.41
"PINK HEARTS PHOTO ALBUM",23,174,451.35
"ASS COL SMALL SAND FROG P'WEIGHT",28,1159,450.78
"VINTAGE ROSE BEAD BRACELET BLACK",49,106,450.40
"WRAP  PINK FLOCK",39,1075,449.50
"SILVER/MOP ORBIT NECKLACE",34,44,447.21
"RETRO PLASTIC DAISY TRAY",149,795,447.17
"BLACK VINTAGE EARRINGS",79,108,445.88
"MIDNIGHT BLUE VINTAGE EARRINGS",77,118,445.70
"PINK MONTE CARLO HANDBAG",17,197,445.03
"NINJA RABBIT PINK",77,363,444.87
"PURPLE/TURQ FLOWERS HANDBAG",82,257,441.99
"BROWN COZY SQUARE PHOTO ALBUM",8,212,441.77
"ORANGE VOTIVE CANDLE",46,1728,439.68
"LAZER CUT NECKLACE W PASTEL BEADS",7,59,439.65
"TUMBLER, ENGLISH ROSE",33,171,438.25
"4 PINK DINNER CANDLE SILVER FLOCK",50,268,435.55
"BLUE DISCO HANDBAG",18,283,435.41
"SET OF 4 NEW ENGLAND COASTERS ",38,1101,435.25
"PARTY PIZZA DISH RED WHITE SPOT ",34,488,434.07
"OCEAN SCENT CANDLE JEWELLED DRAWER",37,96,433.32
"PINK FOXGLOVE ARTIIFCIAL FLOWER",10,195,432.45
"ROBOT MUG IN DISPLAY BOX",82,317,432.43
"PAISLEY PATTERN  STICKERS",80,582,432.31
"LARGE PARLOUR PICTURE FRAME",29,86,431.98
"DIAMANTE BOW BROOCH RED COLOUR",25,68,431.80
"BLUE RIVIERA HANDBAG",9,326,431.00
"CHRISTMAS HANGING SNOWFLAKE",48,490,430.86
"PURPLE ANEMONE ARTIFICIAL FLOWER",17,435,430.35
"PINK/BLUE DISC/MIRROR STRING",38,783,429.61
"ZINC HEART LATTICE TRAY OVAL ",28,335,429.57
"POPART WOODEN PENCILS ASST",74,9312,429.44
"PAPERWEIGHT VINTAGE PAISLEY",53,237,428.94
"BOOZE & WOMEN GREETING CARD ",108,995,428.45
"BLUE KASHMIRI BOXED MIRROR",4,33,428.00
"PINK HYDRANGEA ART FLOWER",15,272,427.44
"NINJA RABBIT BLACK",92,324,426.41
"DOG AND BALL WALL ART",4,252,425.88
"BLUE ROSE PATCH PURSE PINK BUTTERFL",73,258,425.70
"AMBER CHUNKY BEAD BRACELET W STRAP",25,47,425.57
"CAKESTAND, 3 TIER, LOVEHEART",7,48,425.40
"LITTLE FLOWER SHOPPER BAG",1,400,424.00
"DECORATIVE NET CANOPY LEOPARD",25,101,423.73
"PINK STRAWBERRY HANDBAG ",76,143,423.53
"SMALL FOLDING SCISSOR(POINTED EDGE)",85,3143,423.46
"TEA TIME BREAKFAST BASKET",55,186,422.97
"SMALL MARAKESH METAL  LANTERN ",30,124,422.90
"PIN CUSHION RUSSIAN DOLL PINK",33,121,422.45
"CAKE TIN, ROUND, VINTAGE RED,CREAM",10,59,421.05
"BLUE ROCKING SINGING CANARY",40,107,420.92
"ELVIS WALLHANGING / CURTAIN",48,317,419.99
"GREEN KASHMIRI OCCASIONAL TABLE",4,9,419.85
"ROUND GEORGIAN SILVER MIRROR",16,135,419.25
"GOLD SCROLL GLASS T-LIGHT HOLDER",27,205,418.89
"MAGIC GARDEN MOUNT FUJI",39,159,418.22
"BLACK SILOUETTE CANDLE PLATE",44,514,418.18
"BOTANICAL LILY GREETING CARD",111,980,418.12
"FLOWER FAIRY SET OF 3 LILY CANDLES",8,206,417.70
"FAIRY CAKES RECTANGLUAR BOXES",31,54,417.58
"SPACE FROG",81,314,416.14
"ENAMEL BLUE RIM OVAL TRAY SET/2",39,49,416.01
"BLUE BREAKFAST CUP AND SAUCER ",28,2012,415.50
"YELLOW KNITTED KIDS RUCKSACK",37,78,414.74
"CREAM DELPHINIUM ARTIFICIAL FLOWER",18,224,414.08
"S/3 TEAR DROP CUT GLASS DECORATION",34,466,414.02
"CRYSTAL DIAMANTE STAR BROOCH",57,82,412.65
"DOLLY CABINET 2 DRAWERS ",19,33,412.50
"ECONOMY HOLIDAY PURSE",46,911,412.45
"HOME SWEET HOME HOOK",47,328,412.18
"SET OF 4 DOTTY PLACEMATS ",34,85,411.78
"MOCK LOBSTER FRIDGE MAGNET",112,539,411.52
"SILVER OVAL SHAPE TRINKET BOX",24,44,410.85
"KASBAH LANTERN WITH GLASS ",29,72,410.64
"SILVER FLOWR PINK SHELL NECKLACE",9,62,410.26
"FAIRY CAKE PLACEMATS",28,107,409.94
"WRAP BLIZZARD",34,975,409.50
"LARGE TRIFLE DESIGN L BLUE BOWL",16,230,408.90
"PILLOWCUSHION COVER PINK UNION JACK",22,67,408.83
"SET OF MEADOW  FLOWER STICKERS",22,168,408.66
"BAG FOR CHILDREN VINTAGE BLUE ",1,96,408.00
"BAG FOR CHILDREN VINTAGE PINK ",1,96,408.00
"BLACK+WHITE NECKLACE W TASSEL",28,45,406.59
"EGG FRYING PAN BLUE ",76,175,405.00
"GREEN PEONY CUSHION COVER",12,255,403.75
"BEECH WOOD PHOTO FRAME ",19,290,403.64
"MINI LADLE LOVE HEART RED ",153,866,401.60
"BLUE MURANO TWIST NECKLACE",30,40,401.35
"SMALL PINK PEONY FOLDING STOOL",17,189,401.30
"SNACK TRAY RED VINTAGE DOILY",37,198,400.04
"RED RETRO KITCHEN WALL CLOCK",23,47,400.01
"PINK MURANO TWIST BRACELET",41,94,399.92
"T-LIGHT HOLDER SILVER HEART HANDLE",28,199,399.71
"SET OF 3 VINTAGE TEA TIME BOXES",21,143,399.62
"TUSCAN VILLA DOVECOTE BIRD FEEDER",23,43,399.03
"BUTTONS AND STRIPES NOTEBOOK ",37,100,398.38
"BLUE FLY SWAT",133,510,398.38
"JARDIN DE FEMME SCENTED CANDLE",13,657,398.04
"WHITE GRAND BAROQUE PHOTO FRAME",14,176,396.80
"ST TROPEZ NECKLACE",63,79,396.50
"BLUE ROUND COMPACT MIRROR",43,167,395.21
"HEART TRELLIS TRIPLE T-LIGHT HOLDER",30,129,395.11
"LILLIES CANVAS PICTURE",5,233,394.85
"GREEN ENAMEL FLOWER RING",57,134,394.33
"MILK MAIDS MUG ",33,219,393.59
"S/4 FESTIVE GREEN DINNER CANDLES",25,723,393.39
"BLUE POLKADOT PURSE ",53,416,393.11
"VEGETABLE GARDEN CHOPPING BOARD",22,78,392.34
"IVORY SWEETHEART SOAP DISH",49,148,390.75
"ENGLISH ROSE IRONING BOARD COVER",41,104,390.00
"WHITE CERAMIC PARTY SET (5PCS)",20,100,389.30
"POP-ART FLUORESCENT PENS",3,6193,389.22
"EGG FRYING PAN MINT ",69,180,388.75
"FLOWER BURST SILVER RING CRYSTAL",34,110,388.24
"BELL HEART DECORATION",9,252,387.00
"MEDIUM PINK BUDDHA HEAD ",42,112,386.55
"SMALL HANGING GLASS+ZINC LANTERN",36,240,386.31
"ROSE PINK METAL FOLDING CHAIR",14,44,385.98
"DIAMANTE BOW BROOCH GREEN COLOUR",32,60,385.46
"WHITE MOROCCAN METAL LANTERN",26,70,385.30
"RUBY GLASS CLUSTER BRACELET",35,63,385.15
"SWIRLY CIRCULAR RUBBERS IN BAG",101,1080,384.33
"TEACUP AND SAUCER REGENCY PINK",9,144,384.00
"CAKE TIN, 3 TIER RED/IVORY",8,28,383.40
"PURPLE ENAMEL FLOWER RING",54,130,382.84
"PEARL & SHELL 42""NECKL. PINK",4,43,380.89
"BLUE POLKADOT LUGGAGE TAG ",92,287,380.66
"F.FAIRY S/3 CANDLE/GLASS,LAVENDER",9,193,380.35
"LA JARDIN BOTANIQUE CUSHION COVER",28,88,379.28
"VIP HOLIDAY PURSE",48,694,378.85
"EAU DE NILE JEWELLED T-LIGHT HOLDER",29,313,378.60
"FAIRY CAKES ROUND NESTING BOXES",24,59,377.93
"PINK POLKADOT PLATE ",25,220,377.56
"12 PENCILS SMALL TUBE POSY",76,550,376.99
"SET/6 GOLD REINDEER T-LIGHT CANDLES",32,236,376.05
"DOORSTOP RUSSIAN DOLL RETROSPOT",35,102,374.85
"QUEEN OF THE SKIES HOLIDAY PURSE ",44,1076,374.43
"VINTAGE NOTEBOOK BEAUTY GIRL",47,103,374.14
"CITRUS GARLAND FELT FLOWERS ",51,186,374.09
"DOLLCRAFT BOY JEAN-PAUL ",12,82,373.90
"OLD ROSE COMBO BEAD NECKLACE",96,127,373.88
"FOLK ART METAL HEART T-LIGHT HOLDER",75,785,372.46
"CLASSICAL ROSE URN",17,94,372.30
"LETTER SHAPE PENCIL SHARPENER",88,4158,371.64
"FLAG OF ST GEORGE CHAIR",16,76,370.60
"RED RETROSPOT WASHBAG",44,128,370.59
"SEASIDE FRISBEE ",26,308,370.54
"GREEN VINTAGE EARRINGS ",56,92,370.51
"LA PALMIERA TILE COASTER",47,777,370.35
"LIGHT PINK FLOCK GLASS CANDLEHOLDER",21,840,369.78
"ENGLISH ROSE TAPE MEASURE",57,267,368.06
"YELLOW FLOWERS FELT HANDBAG KIT",52,172,367.45
"ASS FLORAL PRINT TAPE MEASURE",35,284,367.36
"SNACK TRAY PAISLEY PARK",32,179,367.35
"SET/4 MODERN VINTAGE COTTON NAPKINS",52,170,367.28
"CREAM KNITTED HEN",1,288,365.76
"SILVER M.O.P ORBIT BRACELET",51,70,365.61
"ANT COPPER RED BOUDICCA BRACELET",43,73,365.23
"CANDY SPOT EGG WARMER RABBIT",108,763,364.94
"SET OF 4 POLKADOT COASTERS",87,204,363.89
"WHITE  ROSEBUD PEARL BRACELET",35,67,362.94
"SNACK TRAY I LOVE LONDON",35,171,362.65
"PURPLE BOUDICCA LARGE BRACELET",25,52,362.51
"POLYESTER FILLER PAD 45x30cm",61,249,361.05
"PAPER LANTERN 9 POINT HOLLY STAR S",20,86,361.04
"RED AND WHITE SPOT TAPE",71,483,360.93
"PARTY TIME DESIGN FLANNEL",67,625,358.97
"PINK DRESS JEWELLERY STAND ",13,373,358.93
"FLOWER GLASS GARLD NECKL36""AMETHYST",28,45,358.87
"AMBER CHUNKY GLASS+BEAD NECKLACE",21,30,358.26
"WHITE/PINK CHICK DECORATION",30,290,358.08
"4 BURGUNDY WINE DINNER CANDLES",39,559,357.78
"PINK OVAL SHAPE TRINKET BOX",30,39,357.71
"MEDIUM WHITE/PINK ROSE ART FLOWER",27,250,357.22
"PLASTERS IN TIN MR STRONG ",11,228,357.00
"LONG SILVER NECKLACE PASTEL FLOWER",18,28,356.73
"BLUE WIRE SPIRAL CANDLE HOLDER",24,54,355.64
"PINK MILKSHAKE GLASS",26,200,355.33
"WHITE ROUND PORCELAIN TLIGHT HOLDER",26,131,355.14
"ROSES WHITE ROUND CANDLE",14,827,355.05
"SPACE BOY BIRTHDAY CARD",67,835,354.16
"SMALL POP BOX FUNKY MONKEY",87,258,353.98
"PANTRY HOOK TEA STRAINER ",32,165,353.45
"SET/6  ANGEL T-LIGHTS WHITE/GOLD",83,687,353.39
"PANTRY HOOK SPATULA",33,162,353.36
"WHITE ANEMONE ARTIFICIAL FLOWER",24,209,353.21
"BOTANICAL LILY GIFT WRAP",30,850,353.00
"GREEN GEISHA GIRL ",41,99,352.86
"4 PINK FLOCK CHRISTMAS BALLS",64,190,352.64
"BATHROOM SCALES RUBBER DUCKS",48,94,352.55
"FAIRY CAKE GREETINGS CARD",64,835,352.34
"SILVER CHERRY LIGHTS",12,60,352.02
"PINK CHRYSANTHEMUMS ART FLOWER",8,296,351.60
"RED ENAMEL FLOWER RING",46,119,350.94
"BLUE GLASS CHUNKY CHARM BRACELET",20,39,350.85
"SET/4 DAISY MIRROR MAGNETS",68,685,350.65
"DECORATION SITTING BUNNY",83,1480,349.54
"F.FAIRY S/3 CANDLE/GLASS,LILY/VALLY",8,177,349.15
"GOLD M PEARL  ORBIT NECKLACE",26,34,348.38
"GEMSTONE CHANDELIER T-LIGHT HOLDER",7,78,347.70
"ENGLISH ROSE NOTEBOOK A6 SIZE",64,607,346.93
"FELT FARM ANIMAL SHEEP",57,420,346.73
"PINK CHICK EGG WARMER + EGG CUP",56,246,345.85
"BLUE GEISHA GIRL ",40,96,345.11
"WHITE HYDRANGEA ART FLOWER",18,214,345.00
"SWEET PUDDING STICKER SHEET",79,363,343.78
"SET/6 GARDEN GNOME T-LIGHT CANDLES",22,118,342.75
"BEADED CRYSTAL HEART GREEN SMALL",56,254,342.62
"SILVER LARIAT 40CM",21,40,342.60
"ZINC HEART LATTICE CHARGER LARGE",27,81,341.97
"SET/3 CHRISTMAS BRIAR CANDLES",23,90,341.53
"SMALL ZINC/GLASS CANDLEHOLDER",22,445,340.45
"ORIGAMI SANDLEWOOD INCENSE+FLOWER",20,386,340.41
"WALL ART TREASURE AHOY ",25,90,340.35
"STRING CRYSTALS NATURAL",25,272,340.00
"BLUE STAR BLOCK TABLE LAMP",10,109,339.57
"WAKE UP COCKEREL WALL THERMOMETER",17,179,339.29
"OYSTER TRINKET BOX",31,122,338.66
"BLUE CAT BISCUIT BARREL PINK HEART",32,96,337.04
"PIG MUG IN TWO COLOUR DESIGNS",64,275,336.93
"PAIR BUTTERFLY HAIR CLIPS",51,89,336.88
"DOLLCRAFT GIRL NICOLE",12,68,336.60
"TURQUOISE GLASS TASSLE BAG CHARM ",62,150,336.59
"POLKADOT MUG PINK ",30,206,336.42
"SILVER M.O.P ORBIT DROP EARRINGS",56,79,333.97
"FLOWER FAIRY INCENSE LILY",13,709,333.61
"RED  EGG  SPOON",151,1698,333.42
"BEAUTY SPEED EXPRESSO CUPS",11,464,332.90
"COPPER/OLIVE GREEN FLOWER NECKLACE",34,54,332.86
"SET OF 3 WICKER BASKET TEA AND CAKE",6,27,332.60
"CANDY SPOT BUNNY",29,104,332.29
"PINK GLASS CHUNKY CHARM BRACELET",27,37,332.19
"PINK STRING CURTAIN WITH POLE",19,100,331.14
"KNITTED RAINBOW HOT WATER BOTTLE",19,53,330.78
"EASTER BUNNY HANGING GARLAND",49,183,330.32
"WHITE CHOCOLATE SCENT CANDLE",28,394,328.39
"DOILEY BISCUIT TIN",13,120,327.60
"BEADED CRYSTAL HEART BLUE ON STICK",72,447,327.35
"ORIGAMI OPIUM INCENSE/CANDLE SET ",29,294,326.36
"PINK KNITTED COW STUFFED TOY",53,84,326.33
"ENGLISH ROSE TABLE CLOCK",7,137,325.88
"LOUVRE CHALKBOARD",5,49,325.60
"SPACE BOY GIFT WRAP",27,775,325.50
"PURPLE ENAMEL+GLASS HAIR COMB",10,173,325.50
"CANDLE HOLDER SILVER MADELINE",20,196,325.16
"JASMINE TEA INCENSE IN TIN",51,282,324.48
"WOODLAND LARGE PINK FELT HEART",13,285,324.40
"CAT AND BIRD WALL ART",4,270,323.64
"DOILY THANK YOU CARD",57,765,323.32
"BLACK GLASS BRACELET W HEART CHARMS",51,64,322.52
" SILVER T-LIGHT SETTING",17,43,321.87
"CHARLOTTE BAG ALPHABET  DESIGN",22,400,320.50
"ANT WHITE SWEETHEART TABLE W 3 DRAW",3,3,320.00
"SET/6 SILVER REINDEER T-LIGHTS",49,260,319.95
"DECORATION WOBBLY CHICKEN",45,560,319.14
"BLUE PUDDING SPOON",121,1444,319.07
"WHITE SQUARE TABLE CLOCK",45,224,319.01
"LARGE BLUE ORIENTAL FOLDING STOOL",6,136,317.00
"PINK FLY SWAT",99,502,316.14
"FAIRY CAKE PLACEMATS ",27,82,315.55
"SET OF 4 CAROUSEL PLACEMATS ",30,159,315.54
"LARGE GREEN PEONY FOLDING STOOL",6,131,314.35
"PINK PARTY SUNGLASSES",26,187,313.81
"POLYESTER FILLER PAD 30CMx30CM",51,251,313.75
"PINK/BLUE STRING CURTAIN ",11,118,313.29
"MISELTOE HEART WREATH ",5,80,312.80
"ANT WHITE HIGH RISE BIRD BOX",4,50,312.50
"GOLD/M.O.P PENDANT ORBIT NECKLACE",30,37,312.14
"CROCHET BEAR WITH BLUE STRIPES",32,111,311.87
"ORIENTAL BLUE CUSHION COVER ",8,219,311.57
"BOX/12 MOTHER & CHICK IN BASKET/BOW",28,140,311.51
"NECKLACE+BRACELET PINK BUTTERFLY",55,141,311.48
"SIX STRING SCANDINAVIAN HEART DECS",27,94,311.03
"TURQOISE ICE CREAM SUNHAT",21,292,310.83
"PINK GINGHAM ROSE FLOOR CUSHION",14,56,310.44
"FLOWER GLASS GARLAND NECKL.36""BLACK",16,39,310.24
"SMOKEY GREY COLOUR D.O.F. GLASS",40,715,309.42
"LARGE PINK PEONY FOLDING STOOL",6,136,309.15
"LARGE BLUE PROVENCAL CERAMIC BALL",29,135,308.70
"VINTAGE DOG FOOD CONTAINER",6,36,308.64
"ROUND WHITE CONFETTI IN TUBE",22,179,308.54
"FLOWER WINDMILL",33,242,308.38
"MEASURING TAPE RUSSIAN DOLL BLUE",28,103,306.81
"SET OF 3 PANTRY WOODEN SPOONS",41,225,306.66
"CRYSTAL DIAMANTE EXPANDABLE RING",35,72,306.08
"PURPLE GEMSTONE NECKLACE 45CM",11,24,306.00
"TRANSPARENT ACRYLIC TAPE DISPENSER",40,941,305.66
"WAKE UP COCKEREL TILE COASTER",51,673,305.59
"SPACE CADET RED",51,250,304.65
"MISELTOE HEART WREATH WHITE",4,78,304.50
"LARGE GLASS SUNDAE DISH CLEAR",5,1005,303.96
"PINK GLASS TASSLE BAG CHARM ",73,156,303.68
"CANDY STRIPE ROSE C/COVER ",19,51,303.45
"PACK/12 BLUE FOLKART CARDS",53,115,303.38
"S/3 FLWR FAIRY SUMMER CANDLES",9,144,302.40
"JARDIN ETCHED GLASS CANDLEHLDR LONG",16,61,301.95
"BLUE RETRO KITCHEN WALL CLOCK",18,36,301.88
"VINTAGE BEAD PINK JEWEL BOX",34,61,301.81
"GLASS CHALICE BLUE  LARGE ",18,122,301.80
"WALL ART DOG AND BALL ",28,102,301.56
"RAINBOW PEGS PHOTO CLIP STRING",63,435,301.11
"PEARL & SHELL 42""NECKL. IVORY",5,28,301.00
"ENAMEL DOG BOWL CREAM",3,76,300.48
"SMALL WHITE/PINK ROSE ART FLOWER",19,394,299.54
"PAINT YOUR OWN EGGS IN CRATE",5,164,299.36
"HEAVENS SCENT FRAGRANCE OILS ASSTD",23,1211,299.35
"PINK MURANO TWIST NECKLACE",20,30,299.28
"RED KUKUI COCONUT SEED NECKLACE",36,140,298.02
"WHITE SNOW SCANDINAVIAN STOCKING ",67,590,298.00
"MINI LADLE LOVE HEART PINK",166,529,297.82
"BLUE CIRCLES DESIGN TEDDY",43,109,297.63
"CORDIAL GLASS JUG",16,35,297.13
"GREEN WIRE STANDING CANDLE HOLDER",36,68,296.93
"BUTTONS DESIGN JEWELLERY BOX",32,76,296.77
"SUMMER BUTTERFLIES BAG CHARM",60,115,296.53
"GOLD FABRIC MIRROR",53,530,296.37
"FOUR RABBIT EASTER DECORATIONS",24,1070,296.34
"PASTEL PINK PHOTO ALBUM ",21,663,296.00
"GIRLS PARTY BAG",23,92,295.63
"SET 5 MINI DOUGHNUT FRIDGE MAGNET ",7,372,295.08
"ASSORTED COLOUR METAL CAT ",38,245,294.85
"DOLLCRAFT GIRL AMELIE KIT",8,66,294.70
"ENGLISH ROSE SMALL SCENTED FLOWER",69,324,294.33
"PINK POODLE HANGING DECORATION ",60,545,294.19
"MIRRORED WALL ART GENTS",60,215,293.70
"IVORY HANGING DECORATION  CHICKEN",29,315,293.57
"FUNKY GIRLZ ASST MAGNETIC MEMO PAD",37,375,292.86
"S/4 FESTIVE RED DINNER CANDLES",25,234,292.50
"SUNJAR LED NIGHT NIGHT LIGHT",14,18,292.09
"WHITE WITH BLACK CATS BOWL",73,434,292.08
"DECORATIVE VINTAGE COFFEE  BOX",22,55,291.85
"SET 72 CAKE CASES VINTAGE CHRISTMAS",4,672,291.60
"EGG CUP HENRIETTA HEN PINK",37,211,291.58
"PINK KNITTED KIDS RUCKSACK",19,50,290.78
"SILVER APERITIF GLASS",14,355,290.72
"CURIO CABINET LINEN AND LACE ",18,36,290.10
"PACK OF 12 CHRISTMAS FUN CARDS",37,108,289.69
"NUMBER TILE VINTAGE FONT No ",36,178,289.03
"BLACK DIAMANTE EXPANDABLE RING",32,68,288.95
"AMETHYST DIAMANTE EXPANDABLE RING",34,68,288.68
"GEISHA GIRL CHOPSTICKS SET/5",22,131,288.35
"PAPER LANTERN 5 POINT SEQUIN STAR",21,50,287.50
"GOLDIE LOOKING MIRROR",25,42,286.42
"HEN PARTY CORDON BARRIER TAPE",49,231,285.14
"ICON MUG REVOLUTIONARY",81,703,284.49
"36 PENCILS TUBE POSY",58,234,283.56
"HEART SHAPE BUTTON FRAME ",28,139,283.49
"TEATIME PUSH DOWN RUBBER",35,850,283.00
"WIRE FLOWER T-LIGHT HOLDER",44,224,282.58
"MINI JIGSAW FIDO",10,672,282.24
"SET/6 POSIES PAPER PLATES",40,303,281.37
"PEARLISED IVORY HEART SMALL ",29,228,281.17
"PINK ROSEBUD & PEARL NECKLACE",24,37,280.71
"SET/3 RABBITS FLOWER SKIPPPING ROPE",64,293,280.43
"ASS COL CIRCLE MOBILE ",15,759,279.90
"VINTAGE GOLD TINSEL REEL",67,277,279.84
"PSYCHEDELIC TILE COASTER",42,485,279.15
"DARK CHOCOLATE SCENTCANDLE",23,326,279.08
"BLCK NEW BAROQUE CANDLESTICK CANDLE",17,180,279.00
"CRYSTAL STILETTO PHONE CHARM",29,313,278.85
"PINK CRYSTAL+GLASS BRACELET",31,56,278.84
"PSYCHEDELIC TILE HOOK",62,336,277.53
"BLUE VICTORIAN FABRIC HEART BOX",50,777,277.49
"FINE SILVER NECKLACE W PASTEL FLOWE",19,41,276.49
"ASSTD COL BUTTERFLY/CRYSTAL W/CHIME",25,499,276.43
"GREEN KASHMIRI BOXED MIRROR",2,23,276.00
"MIRRORED WALL ART TABLE LAMP",50,158,275.87
"ZINC WIRE SWEETHEART LETTER TRAY",23,83,275.62
"PSYCHEDELIC METAL SIGN CALENDAR",10,975,274.55
"WHITE HONEYCOMB PAPER FAN ",22,111,274.37
"TRIPLE WIRE HOOK PINK HEART",25,79,272.91
"LA PALMIERA METAL SIGN CALENDAR",15,764,272.61
"JUMBO BAG VINTAGE DOILEY ",7,144,272.57
"LILAC FLOWER BLOCK TABLE LAMP",19,78,272.45
"BLACK FLOWER CANDLE PLATE",41,326,272.17
"IVORY SHELL HEART NECKLACE",24,48,271.88
"SILVER/BLACK ORBIT NECKLACE",18,27,271.33
"WOODLAND SMALL BLUE FELT HEART",37,312,270.96
"SQUARE FLOOR CUSHION VINTAGE PINK ",14,19,270.47
"NEW BAROQUE LARGE NECKLACE BLK/WHIT",24,32,270.27
"ASSORTED CIRCULAR MOBILE",56,1246,270.22
"BLUE  VOILE LAMPSHADE",14,98,269.90
"PURPLE GLASS TASSLE BAG CHARM",59,133,269.78
"HANGING HEART BASKET",17,146,269.44
"TURQUOISE CRYSTAL+GLASS BRACELET",30,54,269.10
"BLACK BOX MIRROR LANTERN",10,55,268.75
"PINK B'FLY C/COVER W BOBBLES",16,44,268.57
"TUMBLER BAROQUE",40,531,268.53
"GOLD TEDDY BEAR",30,87,268.50
"SPACE CADET WHITE",50,216,268.41
"50CM METAL STRING WITH  7 CLIPS",44,328,268.38
"RIVIERA NECKLACE",24,54,268.23
"DOORKNOB CRACKED GLAZE IVORY",5,180,268.20
"75 BLACK PETIT FOUR CASES",99,585,266.53
"NECKLACE+BRACELET SET BLUE BLOSSOM",49,113,266.44
"FROSTED WHITE BASE ",53,476,266.30
"GARLAND, VINTAGE BELLS",10,92,265.88
"WOODLAND LARGE RED FELT HEART",22,205,264.72
"MIRRORED WALL ART FOXY",22,56,264.67
"SET OF 6 DOTS CHOPSTICKS",18,211,263.63
"MURANO STYLE GLASS BRACELET BLACK",36,73,263.59
"BLUE NEW BAROQUE FLOCK CANDLESTICK",12,63,262.71
"VINTAGE BLUE TINSEL REEL",49,399,262.50
"PINK CANDYSTUFT ARTIFICIAL FLOWER",20,319,261.91
"GYMKHANNA TREASURE BOOK BOX",14,120,261.84
"PORCELAIN BUDAH INCENSE HOLDER",55,2659,261.51
"THREE CANVAS LUGGAGE TAGS",49,175,261.04
"NUMBER TILE COTTAGE GARDEN 2",43,100,260.72
"BLUE PILLAR CANDLE SILVER FLOCK",18,78,260.67
"VINTAGE ENAMEL & CRYSTAL EARRINGS",34,52,260.52
"RETRO BROWN BALL ASHTRAY ",27,205,259.37
"PEARL & SHELL 42""NECKL. GREEN",16,24,257.55
"PINK BITTY LIGHT CHAIN",40,116,257.15
"BIG PINK POODLE",6,30,257.10
"HEARTS WRAPPING TAPE ",63,654,257.01
"ASS FLORAL PRINT SPIRIT LEVEL ",60,164,256.18
"BREAD BIN, DINER STYLE, MINT",4,17,256.15
"LILY BROOCH OLIVE COLOUR",36,51,255.56
"BLACK GEMSTONE NECKLACE 45CM",14,20,254.73
"CARD, GINGHAM ROSE ",47,608,254.48
"NUMBER TILE COTTAGE GARDEN 1",46,100,253.94
"12 PINK HEN+CHICKS IN BASKET",40,99,253.79
"Dotcomgiftshop Gift Voucher £50.00",6,6,253.59
"CRYSTAL SEA HORSE PHONE CHARM",53,313,252.88
"LILY BROOCH AMETHYST COLOUR",24,51,252.70
"DARK PINK FLOCK GLASS CANDLEHOLDER",13,553,252.29
"PAIR OF ENAMEL FLOWER CLUSTER SLIDE",30,105,251.59
"ANTIQUE IVORY WIRE BOWL SMALL",21,99,251.45
"BOYS PARTY BAG",21,77,251.35
"DAISY HAIR BAND",73,151,251.27
"FRENCH PAISLEY CUSHION COVER",22,224,250.00
"AMETHYST GLASS/SHELL/PEARL NECKLACE",24,27,249.95
" VINTAGE DESIGN GIFT TAGS",27,269,249.90
"GREEN EASTER EGG HUNT START POST",27,113,249.65
"ROSES BLUE BASE CUSHION COVER ",33,53,249.33
"PACK 3 BOXES CHRISTMAS PANETTONE",24,76,248.48
"GREEN GLASS TASSLE BAG CHARM",51,110,248.36
"ROUND SNACK BOXES ,SET 4, FRUITS ",5,84,247.80
"CLASSIC SUGAR DISPENSER",12,216,247.32
"BLUE GINGHAM ROSE FLOOR CUSHION ",15,29,247.26
"FLOWER GLASS GARLAND NECKL.36""BLUE",15,31,246.83
"ACRYLIC JEWEL ICICLE, PINK",25,563,246.65
"BATHROOM SCALES, TROPICAL BEACH",34,59,246.58
"METALIC LEAVES BAG CHARMS",42,98,245.62
"BLUE OWL DECORATION",1,96,244.80
"PINK OWL DECORATION",1,96,244.80
"CLEAR ACRYLIC FACETED BANGLE",24,106,243.85
"WOODLAND SMALL PINK FELT HEART",31,286,242.18
"NUMBER TILE VINTAGE FONT 3",49,119,241.93
"WRAP, CAROUSEL",22,575,241.50
"ZINC WIRE KITCHEN ORGANISER",16,30,239.97
"ORIENTAL RED CUSHION COVER ",10,132,239.80
"FOLK ART GREETING CARD,pack/12",28,77,239.38
"PINK PATCH PURSE BLUE HEART",47,145,239.25
"PURPLE ACRYLIC FACETED BANGLE",23,143,238.68
"RUSTIC STRAWBERRY JAMPOT LARGE ",6,120,238.56
"DOORKNOB CRACKED GLAZE BLUE",3,162,238.50
"PIN CUSHION RUSSIAN DOLL BLUE",23,68,238.06
"WHITE 3 FRAME BIRDS AND TREE ",13,24,237.80
"POP'S GREASY SPOON METAL SIGN",42,114,237.73
"AMBER DIAMANTE EXPANDABLE RING",26,56,237.53
"NEW ENGLAND CERAMIC CAKE SERVER",46,92,237.22
"SWEET VALENCIA CANDLE+CUP",47,165,237.15
"SNACK TRAY HAPPY FOREST  ",25,117,236.87
"MIRRORED WALL ART SPLODGES",22,135,236.73
"TEAL/FUSCHIA COL BEAD NECKLACE",36,47,236.46
"MULTICOLOUR FEATHERS CURTAIN",3,72,236.40
"LARGE GLASS ROSE SCENTED CANDLE ",3,684,236.33
"ENGLISH ROSE MUG IN GIFT BOX",10,144,235.44
"5 STRAND GLASS NECKLACE AMETHYST",31,37,234.98
"PINK MINI TAPE MEASURE ",19,291,234.35
"POCKET MIRROR WOODLAND",37,216,234.30
"DRAGONS BLOOD INCENSE",70,1041,233.68
"T-LIGHT HOLDER SILVER PETIT FOUR ",16,185,233.67
"SET/6 BLACK SNOWFLAKE T-LIGHTS ",54,403,232.50
"FLOWER PENCIL/RUBBER+5 MINI PENCILS",35,524,232.35
"JET BLACK LAS VEGAS NECKLACE 45CM",26,39,231.99
"PINK BUNNY EASTER EGG BASKET",4,158,231.90
"NUMBER TILE COTTAGE GARDEN No",40,83,231.54
"BEIGE PHOTO ALBUM",12,97,230.59
"BISCUIT TIN, RED,IVORY, VINTAGE",7,37,230.55
"FRUIT SALAD BAG CHARM",63,108,230.54
"PINK ROSEBUD PEARL BRACELET",25,40,230.39
"BLUE BUNNY EASTER EGG BASKET",3,157,230.25
"BLACK SILOUETTE CANDLE PLATE ",15,121,229.50
"JADE CRYSTAL+GLASS BRACELET",26,46,228.99
"ASSORTED TUTTI FRUTTI KEYRING",15,259,228.65
"PINK CRYSTAL HEART PHONE CHARM",22,263,227.72
"ENAMEL BLUE RIM TEA CONTAINER",33,104,227.54
"SILVER BLUE EGG T-LIGHT HOLDER",13,494,227.48
"BLUE SPOTTY BEAKER ",23,112,227.44
"4 GOLD FLOCK CHRISTMAS BALLS",34,136,227.38
"AMETHYST HOOP EARRING FLORAL LEAF",33,77,227.33
"PINK FLOCK PHOTO FRAME ",8,162,227.33
"S/4 ROSE PINK DINNER CANDLES",38,191,227.11
"CHILDRENS APRON DOLLY GIRL ",17,107,226.81
"F.FAIRY S/3 CANDLE/GLASS",11,110,226.50
"TRAVEL CARD WALLET VINTAGE ROSE ",53,542,226.20
"CRYSTAL PAIR HEART HAIR SLIDES",32,60,226.17
"RESIN NECKLACE W PASTEL BEADS",21,30,226.16
"DOTTY PLACEMATS ",14,59,226.07
"PINK KASHMIRI BOXED MIRROR",4,13,225.95
"S/4 SKY BLUE DINNER CANDLES",42,187,225.89
"BLACKCHRISTMAS TREE 30CM",7,79,225.35
"SILVER BLACK ORBIT BRACELET",34,42,224.40
"FLOWERS TILE HOOK",29,494,224.31
"PURPLE BERTIE GLASS BEAD BAG CHARM",36,136,223.74
"LARGE ZINC GLASS CANDLEHOLDER",22,78,223.23
"S/2 BEACH HUT STOOLS",14,28,222.60
"CAROUSEL DES CHILD'S APRON",58,134,221.57
"DAISY ERASERS IN BAG",15,1017,221.48
"ORIGAMI LAVENDER INCENSE+FLOWER",2,335,221.40
"JADE GREEN ENAMEL HAIR COMB",57,108,221.09
"CANDLE IN JAR COLLAGE , VANILLA",20,82,221.08
"ORIGAMI JASMINE INCENSE IN TUBE",3,256,221.03
"NUMBER TILE VINTAGE FONT 1",36,106,221.02
"FREESTYLE CANVAS ART PICTURE",29,135,220.75
"LAVENDER INCENSE 40 CONES IN TIN",26,215,220.75
"NEW BAROQUE B'FLY NECKLACE RED",22,26,220.74
"PINK RETRO BIG FLOWER BAG",24,113,220.35
"GREEN MURANO TWIST NECKLACE",16,22,220.21
"PINK HEART OF GLASS BRACELET",19,37,220.02
"FUSCHIA FLOWER PURSE WITH BEADS",23,209,219.67
"VANILLA SCENT CAKE CANDLE ",11,962,219.46
"CHUNKY CRACKED GLAZE NECKLACE IVORY",14,20,218.99
"WHITE BAROQUE CARRIAGE CLOCK",15,22,218.90
"CRYSTAL STUD EARRINGS CLEAR DISPLAY",13,576,218.88
"LETTER ""A"" BLING KEY RING",104,219,218.75
"VINTAGE CAT FOOD CONTAINER",5,34,218.14
"S/4 BLACK LOVEBIRD COASTERS",32,97,217.81
"CARDHOLDER GINGHAM HEART",2,102,216.90
"S/3 PUPPIES CHRISTMAS DECORATIONS",15,108,216.33
"SET 8 CANDLES VINTAGE DOILEY",7,122,216.30
"YELLOW RED FLOWER PIGGY BANK",11,108,216.07
"RED POPPY ARTIFICIAL FLOWER",7,233,215.93
"LA PALMIERA TILE HOOK",28,955,215.89
"FLOWER GARLAND NECKLACE RED",20,27,215.76
"PACK/12 BLUE REINDEER CARD",22,73,215.35
"MIRRORED WALL ART LADIES",47,203,215.34
"S/6 SEW ON CROCHET FLOWERS",31,169,215.03
"BUTTERFLY WATER TRANSFER TATTOOS ",24,284,215.00
"MINI HAND WARMER BABUSHKA DESIGN",5,108,214.80
"DOOR MAT SWEET HOME",11,34,214.47
"FEATHER DUSTER, COAL BLACK",27,171,213.75
"PASTEL PINK PHOTO ALBUM",9,101,213.37
"SCOTTIES DESIGN BABY BIB",52,195,213.31
"RED PUDDING SPOON",91,1078,213.07
"CREAM CLIMBING HYDRANGA ART FLOWER",8,147,212.85
"NUMBER TILE VINTAGE FONT 5",38,105,212.53
"ENGLISH ROSE SCENTED HANGING HEART",27,50,212.50
"PINK TV TRAY TABLE ",19,38,212.42
"ACRYLIC JEWEL SNOWFLAKE,PINK",10,408,212.14
"GREY ACRYLIC FACETED BANGLE",21,89,210.29
"GOLD APERITIF GLASS",8,173,209.36
"SILVER FINCH DECORATION",13,189,208.89
"FLOWER GLASS GARLD NECKL36""TURQUOIS",15,26,208.31
"RED PEONY TABLE CLOCK",17,34,208.30
"SILVER/M.O.P PENDANT ORBIT NECKLACE",16,29,207.86
"ENGLISH ROSE TEA SET IN GIFT BOX",15,49,207.69
"MURANO STYLE GLASS BRACELET RED",34,53,207.05
"ORIGAMI ROSE INCENSE CONES",8,479,204.36
"BIRD BOX CHRISTMAS TREE DECORATION",42,236,203.92
"SET/12 ZINC CHRISTMAS DECORATIONS",16,94,203.73
"HANGING FLOWERS+MIRROR,BLUE",6,528,203.24
"SMALL GLASS ROSE SCENTED CANDLE",4,605,202.62
"NEW ENGLAND MILK JUG W GIFT BOX",26,34,202.30
"NUMBER TILE COTTAGE GARDEN 4",37,80,202.10
" FAIRY CAKE CANDLES",2,153,202.05
"NUMBER TILE VINTAGE FONT 2",35,104,201.46
"CHERRY BLOSSOM CANVAS ART PICTURE",12,54,201.30
"FLOWER FAIRY POTPOURRI CUSHION LILY",5,292,201.24
"PINK TEATIME PRINT BOWL",36,138,201.00
"NUMBER TILE VINTAGE FONT 4",33,102,199.90
"SILVER DROP EARRINGS WITH FLOWER",33,53,199.45
"MIDNIGHT BLUE PAIR HEART HAIR SLIDE",35,53,199.16
"RASPBERRY ANT COPPER FLOWER NECKLAC",21,33,198.98
"HANGING METAL CHICKEN DECORATION",34,152,198.52
"ENGLISH ROSE TORCH",14,528,198.11
"SET OF 72 BLACK PAPER DOILIES ",25,129,197.94
"72 ROUND PINK DOILIES",22,128,197.90
"NUMBER TILE VINTAGE FONT 6 ",34,105,197.11
"BLOKEY SILVER TOOL SET",15,36,196.70
"NEW BAROQUE SMALL NECKLACE BLACK",12,23,195.14
"ROUND SNACK BOXES ,SET4, WOODLAND ",3,66,194.70
"A PRETTY THANK YOU CARD",35,456,194.58
"RED GLASS TASSLE BAG CHARM",41,87,194.51
"BAG OF SILVER STONES",54,307,194.25
"TURQ STONE/CRYSTAL EARRINGS",49,66,194.01
"WHITE VINTAGE CRYSTAL BRACELET",16,28,193.96
"ACRYLIC HANGING JEWEL,BLUE",32,387,193.06
"KINGS CHOICE SMALL TUBE MATCHES",16,117,193.05
"NECKLACE+BRACELET SET FRUIT SALAD ",38,76,192.72
"ANT WHITE IRON BASKET",15,34,192.30
"ORANGE COCKTAIL GLASS LAMP",18,66,192.26
"YELLOW PURPLE DAISY FELT PURSE KIT",53,121,192.17
"FAIRY CAKES TILE COASTER",31,140,192.10
"PURPLE CHUNKY GLASS+BEAD NECKLACE",11,16,191.41
"ICON PLACEMAT POP ART ELVIS",43,912,190.89
"CAKE TIN, ROUND, VINTAGE MINT,IVORY",4,27,190.65
"PINK SQUARE TABLE CLOCK",27,152,189.87
"DONKEY TAIL GAME ",4,54,189.54
"RED   ACRYLIC FACETED BANGLE",14,119,189.52
"PINK ALLIUM  ARTIFICIAL FLOWER",17,112,189.28
"SET OF 4 POLKADOTS COASTERS",48,132,189.10
"PLANTPOT SINGLE HOOK PISTACHIO",4,167,188.95
"LETTER ""S"" BLING KEY RING",86,191,188.89
"FAIRY CAKES TABLE CLOCK",9,20,188.73
"COTE D'AZURE NECKLACE",20,38,188.58
"DOORSTOP RUSSIAN DOLL GINGHAM",28,44,188.22
"CRYSTAL FROG PHONE CHARM",46,219,186.96
"PAINTED LIGHTBULB STAR+ MOON",91,360,186.91
"METAL RABBIT LADDER EASTER ",44,198,186.16
"POPART COL BALLPOINT PEN ASST",10,4313,185.73
"PINK ROUND COMPACT MIRROR",17,74,185.66
"S/6 MULTICOLOUR ORNAMENETAL CANDLE",20,181,185.25
"PAINTED LIGHTBULB RAINBOW DESIGN",97,313,185.18
"GREEN FLORAL FELTCRAFT SHOULDER BAG",19,43,185.11
"GIFT BAG LARGE VINTAGE CHRISTMAS",9,148,185.00
"PINK/FLOWER RABBIT EGG WARMER ",24,159,184.76
"CHAMBRE HOOK",25,132,184.68
"PORCELAIN HANGING BELL SMALL",15,126,184.61
"DIAMOND LAS VEGAS NECKLACE 45CM",21,31,184.39
"LEOPARD PRINT HOT WATER BOTTLE",15,51,183.98
"PINK BERTIE GLASS BEAD BAG CHARM",18,149,183.97
"MIDNIGHT BLUE COPPER FLOWER NECKLAC",21,30,183.66
"DAIRY MAID CERAMIC TOASTRACK",19,59,183.06
"SMALL BLUE PROVENCAL CERAMIC BALL",22,99,182.16
" WHITE BAMBOO RIBS LAMPSHADE",13,233,182.14
"SPACE CADET BLACK",39,147,181.71
"S/60 PINK FLUFFY CHICKS IN BOX",11,83,181.65
"PARTY PIZZA DISH PINK RETROSPOT",24,185,181.55
"BLUE CHERRY BLOSSOM CUP & SAUCER",3,1122,181.50
"MINI JIGSAW BUNNIES AT HOME",9,432,181.44
"PINK KNITTED EGG COSY",45,197,181.06
"POP ART PUSH DOWN RUBBER ",13,2145,180.30
"NUMBER TILE COTTAGE GARDEN 3 ",28,71,180.19
"ACRYLIC JEWEL ICICLE, BLUE",11,408,180.05
"LUNCHBAG PINK RETROSPOT",14,108,179.91
"BLUE FLOWER T-LIGHT HOLDER",11,240,179.88
"PURPLE AMETHYST NECKLACE W TASSEL",14,18,179.88
"SET/3 COLOUR PAINTED KASHMIRI STOOL",2,3,179.85
"CAPIZ CHANDELIER",4,6,179.70
"ORIGAMI VANILLA INCENSE+FLOWER ",12,261,179.56
"SILVER/NATURAL SHELL NECKLACE",9,21,178.67
"CREAM HANGING HEART T-LIGHT HOLDER",9,61,178.51
"WHITE VINT ART DECO CRYSTAL NECKLAC",13,21,178.48
"PARTY PIZZA DISH BLUE RETROSPOT",28,206,178.34
"DOLLCRAFT GIRL AMELIE",8,36,178.20
"PURPLE VINTAGE EARRINGS",17,46,178.11
"FIRE POLISHED GLASS NECKL GREEN",18,30,178.03
"BLUE KNITTED EGG COSY",42,201,177.66
"CAKE TIN, 3 TIER MINT/IVORY",4,13,176.75
"RUBY DROP CHANDELIER EARRINGS",30,44,176.31
"GLASS BONBON JAR. SUPERFINES",43,115,175.61
"6 SEGMENT COLOURED SNACK BOWL ",11,21,175.48
"PINK KASHMIRI OCCASIONAL TABLE",3,3,174.90
"GOLD M.O.P ORBIT BRACELET",28,33,174.13
"ORIGAMI VANILLA INCENSE CONES",16,277,173.49
"PINK & WHITE ROSEBUD RING",31,41,173.18
"GOLD M.O.P ORBIT DROP EARRINGS",31,41,173.10
"TEXRIO TOMATOES CANDLE+CUP",40,133,173.03
"BLUE EASTER EGG HUNT START POST",23,83,172.99
"BLUE DAISY MOBILE",15,181,172.51
"WHITE HEART OF GLASS BRACELET",14,29,172.39
"LETTER ""C"" BLING KEY RING",69,176,172.28
"CAROUSEL DESIGN BABY BIB",54,165,171.91
"PAIR OF ENAMEL BUTTERFLY HAIRCLIP",37,51,171.81
"CRYSTAL HOOP EARRING FLORAL LEAF",31,58,171.22
"COW  SOCK PUPPET",27,58,171.10
"PINK FELT HANGING HEART W FLOWER",42,159,170.87
"PINK FLOCK TABLE CLOCK ",4,84,170.80
"SILVER/AMETHYST DROP EARRINGS LEAF",36,58,170.70
"BLACK VINT ART DEC CRYSTAL NECKLACE",14,20,170.17
"CUBIC MUG FLOCK PINK ON BROWN",34,184,169.86
"ROSE COLOUR PAIR HEART HAIR SLIDES",25,45,169.62
"GREEN/BLUE CERAMIC CANDLE HOLDER",10,59,169.17
"S/4 PISTACHIO LOVEBIRD COASTERS",24,107,168.65
"LETTER ""L"" BLING KEY RING",68,179,168.61
"BLACK VINT ART DEC CRYSTAL BRACELET",16,24,168.37
"IVORY FELT EASTER RABBIT GARLAND",21,66,168.30
"SET/6 POSIES PAPER CUPS",32,260,168.08
"CLEAR CRYSTAL STAR PHONE CHARM",25,210,167.00
"TURQUOISE HEART OF GLASS BRACELET",13,28,166.59
"LETTER ""J"" BLING KEY RING",88,162,166.52
"FIRE POLISHED GLASS BRACELET GREEN",24,44,166.47
"EASTER BUNNY WITH BASKET ON BACK",50,230,166.21
"AMBER GLASS TASSLE BAG CHARM",34,69,166.18
"Dotcomgiftshop Gift Voucher £40.00",5,5,166.09
"RED SPOTTY BEAKER ",16,85,165.75
"ARMY CAMO WRAPPING TAPE",16,2251,165.56
"ANT SILVER LIME GREEN BOUDICCA RING",20,56,165.20
"ORIENTAL RED C/COVER ",11,27,165.11
"PAISLEY PARK CARD",41,376,165.08
"PINK SMALL JEWELLED PHOTOFRAME",42,100,165.00
"BLUE GREEN EMBROIDERY COSMETIC BAG",29,58,164.98
"NUMBER TILE COTTAGE GARDEN 6",26,70,162.82
"BLACK PHOTO ALBUM ",14,82,162.73
"LETTER ""K"" BLING KEY RING",83,158,162.60
"FLORAL DINOSAUR GREEN",18,33,161.89
"WAKE UP COCKEREL TILE HOOK",33,227,161.82
"A4 WALL TIDY BLUE OFFICE",17,260,161.77
"FRESHWATER PEARL BRACELET GOLD",33,63,160.79
"GREEN HEART OF GLASS BRACELET",12,27,160.75
"SILVER SLEIGHBELL  WREATH",9,19,160.45
"DIAMANTE HAIR GRIP PACK/2 CRYSTAL",48,96,160.36
"CANDY STRIPE ROSE FLOOR CUSHION",6,15,160.15
"SET 4 PICNIC CUTLERY BLUEBERRY",9,82,159.90
"WRAP RED DOILEY",16,380,159.60
"CERAMIC HEART CAKE MONEY BANK",5,120,159.60
"PINK CHERRY BLOSSOM CUP & SAUCER",16,41,159.20
"NUMBER TILE COTTAGE GARDEN 7",27,67,159.15
"POPART RECT PENCIL SHARPENER ASST",39,1210,159.00
"NUMBER TILE COTTAGE GARDEN 0 ",24,68,158.92
"WHITE METAL BAROQUE PHOTO FRAME",12,77,158.90
"GREEN WITH METAL BAG CHARM",8,31,158.89
"MUG AND COASTER SET RED CIRCLES",2,378,158.76
"AMBER DROP EARRINGS W LONG BEADS",31,54,158.61
"EDWARDIAN DROP EARRINGS JET BLACK",32,42,158.60
"5 STRAND GLASS NECKLACE BLACK",16,25,158.57
"CHILDRENS SPACEBOY MUG",5,96,158.40
"FOOD/DRINK SPUNGE STICKERS",20,759,158.19
"DOOR MAT CAMOUFLAGE",2,39,158.04
"ENAMEL CAT BOWL CREAM",3,52,157.80
"BLUE WHITE SCARF HOT WATER BOTTLE",14,28,157.60
"BEST DAD CANDLE LETTERS",29,219,157.57
"BATHROOM HOOK",27,146,157.50
"WRAP CAROUSEL",14,375,157.50
"BROWN KUKUI COCONUT SEED NECKLACE",16,88,157.24
"NUMBER TILE VINTAGE FONT 7",28,90,156.80
"TUSCAN VILLA BIRD TABLE ",11,19,156.75
"FLAT PALM T-LIGHT HOLDER",24,133,156.65
"BLUE CHENILLE SHAGGY CUSHION COVER ",25,71,156.29
"PINK ROSE PICNIC RUG",5,6,155.70
"NUMBER TILE COTTAGE GARDEN 5",28,64,155.56
"RETRO LEAVES MAGNETIC NOTEPAD",19,106,155.54
"TROPICAL HOLIDAY PURSE ",31,57,155.41
"PINK GREEN EMBROIDERY COSMETIC BAG",25,52,155.16
"JET BLACK LAS VEGAS BRACELET ROUND",28,41,155.13
"NECKLACE+BRACELET SET BLUE HIBISCUS",25,49,155.07
"FELTCRAFT HAIRBAND, S/2, RED/BLUE",6,204,154.68
"PANTRY KITCHEN THERMOMETER ",31,112,154.52
"NUMBER TILE COTTAGE GARDEN 9",23,69,154.33
"SPOTTY COFFEE CUP & SAUCER",14,40,153.78
"NUMBER TILE COTTAGE GARDEN 8",21,65,153.39
"FLOWER FAIRY 5 DRAWER LINERS",20,60,153.00
"SET OF 4 GREEN CAROUSEL COASTERS",34,162,152.86
"PINK GINGHAM ROSE CUSHION COVER",9,23,152.60
"HEART TRELLISTRIPLE T-LIGHT HOLDER",5,56,152.24
"HEN HOUSE W CHICK STANDING",43,342,151.87
"MAGIC DRAWING SLATE FIDO",8,360,151.20
"PORCELAIN CHERUB BELL SMALL",24,330,151.14
"MURANO STYLE GLASS BRACELET GOLD",21,42,150.56
"ST GEORGE SET OF 10 PARTY LIGHTS",16,51,150.45
"REDWHITE STRIPE SCANDINAVIAN HEART ",29,384,150.30
"FRESHWATER PEARL BRACELET IVORY",26,59,150.21
"FLAMES SUNGLASSES PINK LENSES",22,79,150.01
"KIDS CUTLERY DOLLY GIRL ",8,36,149.40
"KIDS CUTLERY SPACEBOY ",8,36,149.40
"FLOWER FAIRY SUMMER BOUQUET SACHET",23,355,149.10
"MURANO STYLE GLASS BRACELET PINK",25,41,148.87
"SILVER OVAL JEWELLED MIRROR",13,25,148.75
"TUSCAN VILLA BIRD FEEDER",9,17,148.63
"LETTER ""M"" BLING KEY RING",64,146,147.42
"DOT MATRIX CANVAS ART PICTURE",3,35,147.05
"FLOWER BURST SILVER RING OPAL",14,39,146.25
"DOGGY RUBBER",73,680,146.10
"SPACE BOY CHILDRENS CUP",6,131,145.76
"LETTER ""E"" BLING KEY RING",67,148,144.38
"BLACK CHRISTMAS FLOCK DROPLET ",13,179,144.07
"SILVER/BLACK PENDANT ORBIT NECKLACE",14,17,144.07
"BLUE TRAVEL FIRST AID KIT",36,87,143.41
"FLOWER GLASS GARLAND NECKL.36""GREEN",10,18,143.10
"NUMBER TILE VINTAGE FONT 8",27,84,143.00
"DROP DIAMANTE EARRINGS PURPLE",25,48,141.68
"PINK ENAMEL FLOWER HAIR TIE",24,48,141.49
"LARGE STRAWBERRY CHOCOLATE CANDLE",12,65,141.23
"PAIR OF PINK FLOWER CLUSTER SLIDE",38,56,140.32
"SILVER ROCOCO CANDELABRA",6,9,140.23
"SILVER LARIAT BLACK STONE EARRINGS",21,33,140.08
"SEAGRASS S/3 SQU LAUNDRY BOX",2,12,139.95
"SET OF 36 PANTRY PAPER DOILIES",33,67,139.78
"NUMBER TILE COTTAGE GARDEN, 1",11,67,139.69
"METAL HERB GERDEN CONTAINER",5,24,139.68
"CAROUSEL CHILDRENS OVERALL",27,74,139.56
"PINK FLOCK GLASS CANDLEHOLDER",16,160,139.54
"VINTAGE ZINC WATERING CAN",8,13,139.40
"5 STRAND GLASS NECKLACE AMBER",16,22,139.28
"HEART MEASURING SPOONS LARGE",5,84,138.60
"SET 4 PICNIC CUTLERY CHERRY ",9,71,138.45
" BROWN  PIRATE TREASURE CHEST ",23,59,138.22
"F FAIRY POTPOURRI CUSHIONS LAVENDER",8,170,137.54
"ACRYLIC JEWEL ANGEL,PINK",9,297,137.43
"RESIN BRACELET W PASTEL BEADS",14,25,137.37
"CAROUSEL PONIES BABY BIB",44,139,137.27
"CROCHET WHITE RABBIT KEYRING ",16,75,137.27
"BIG POLKADOT MUG",7,80,136.76
"PINK BAROQUE FLOCK CANDLE HOLDER",10,19,136.73
"COLUMBIAN  CUBE CANDLE ",29,340,136.51
"HANGING FLOWERS+MIRROR,PINK",3,324,136.44
"FILIGREE DIAMANTE EARRINGS",21,32,135.98
"NEW BAROQUE B'FLY NECKLACE MONTANA",11,16,135.98
"ROSE DU SUD CHILDRENS APRON",18,31,135.93
"GLASS AND PAINTED BEADS BRACELET TO",22,36,135.80
"ORIGAMI ROSE INCENSE+FLOWER",4,209,135.70
"DOLPHIN WINDMILL",12,64,135.68
"CLEAR STATIONERY BOX SET ",39,160,134.50
"JACOBS LADDER SMALL",39,2072,134.08
"GARLAND , WOODEN  "" HAPPY EASTER""",11,105,133.89
"YELLOW VW BEETLE CERAMIC MONEY BOX",16,47,133.85
"WHITE FRANGIPANI NECKLACE",29,53,133.70
"PINK FEATHER CHRISTMAS DECORATION",24,447,133.23
"GREEN CHENILLE SHAGGY RUG",4,45,132.75
"GOLD/AMBER DROP EARRINGS W LEAF",15,45,132.58
"PINK COMBO MINI CRYSTALS NECKLACE",15,26,132.52
"GREEN METAL BOX TOP SECRET",4,16,132.00
"SMALL JEWELLERY STAND",6,16,132.00
"FOLDING SHOE TIDY",8,48,132.00
"3D SHEET OF SEA WORLD STICKERS",32,151,131.79
"WHITE ROSEBUD  PEARL EARRINGS",35,52,131.65
"GREEN PAIR HEART HAIR SLIDES",22,35,131.62
"PINK STOCKING CHRISTMAS DECORATION",28,319,131.38
"WHITE/PINK MINI CRYSTALS NECKLACE",17,25,131.15
"WHITE ROSE C/COVER",13,22,130.90
"NUMBER TILE VINTAGE FONT 9 ",23,79,130.83
"FUNKY GIRL ADDRESS BOOK",8,273,130.71
"FLOWERS WALL THERMOMETER",3,75,130.05
"VINTAGE NOTEBOOK RED ROSE",12,44,129.80
"PINK HORSE SOCK PUPPET KIT",14,44,129.80
"SILVER/CRYSTAL DROP EARRINGS W LEAF",31,44,129.59
"BLUE METAL WALL SHELF",9,13,129.35
"GROOVY CACTUS INFLATABLE",27,315,129.29
"NATURAL RIVIERA HANDBAG",8,53,128.83
"BUTTERFLY HAIR BAND",32,51,128.66
"AMBER GLASS/SHELL/PEARL NECKLACE",14,14,128.64
"GREETING CARD, OVERCROWDED POOL.",91,474,128.60
"BREAD BIN, DINER STYLE, PINK",3,8,127.60
"BLACK 3 TIER GLASS PLATE STAND",6,10,127.50
"NEW BAROQUE B'FLY NECKLACE PINK",13,15,127.50
"S/6 PAPER BOXES CURIOUS IMAGES ",4,36,127.20
"FUNKY MONKEY GIFT BAG SMALL",11,1283,126.83
"SET 4 PICNIC CUTLERY FONDANT",6,65,126.75
"2 DAISIES HAIR COMB",24,43,126.72
"GLASS SONGBIRD STORAGE JAR",3,11,126.70
"LA STREGA CANVAS PICTURE ",8,74,126.30
"GLASS BONBON JAR. D'AMANDES",25,101,126.25
"Dotcomgiftshop Gift Voucher £10.00",14,15,126.21
"BLUE BLOSSOM HAIR CLIP",21,109,125.83
"SNACK TRAY RED GINGHAM",14,60,125.72
"SCOTTIES DESIGN CHILD'S OVERALL",28,64,125.60
"LARGE JEWELLERY STAND",4,10,125.00
"FLOWER BURST SILVER RING MIDN'T BLU",19,33,124.38
"PINK FLOWER HANGING HEART ",17,140,124.16
"GLASS JAR, KINGS CHOICE SOAP",8,42,123.90
"ANT SILVER FUSCHIA BOUDICCA RING",16,42,123.90
"ROSE FLOWER CANDLE+INCENSE 16X16CM",12,33,123.75
"BREAD BIN DINER STYLE BLACK",1,8,123.60
"GOLD FLOWER CUSHION COVER ",7,24,123.60
"WOODLAND LARGE BLUE FELT HEART",13,92,123.47
"SET OF 3 MINI HANGING PORTRAITS",2,32,123.20
"LARGE PARLOUR FRAME",2,27,122.85
"POCKET MIRROR ""GLAMOROUS""",31,97,122.57
"MOSAIC CANDLE DISH BLUE PURPLE",2,144,122.40
" CAMPHOR WOOD PORTOBELLO MUSHROOM",26,70,122.36
"LARGE CRYSTAL DIAMANTE HAIRSLIDE",24,78,122.31
"YELLOW FELT HANGING HEART W FLOWER",44,135,122.00
"GLOW IN DARK DOLPHINS",69,558,121.92
"PINK FEATHERS CURTAIN",9,109,121.53
"MOSAIC GLASS BALL CANDLEHOLDER",18,97,121.25
"MAGIC SLATE FIDO",6,288,120.96
"MAGIC SLATE BUNNIES AT HOME ",6,288,120.96
"MAGIC SLATE SPACEBOY ",6,288,120.96
"SET/2 BLUE  NOODLE BASKETS",24,62,120.90
"FAIRY CAKES PHOTO FRAME",5,86,120.13
"VINTAGE ZINC PLANTER  ",11,32,120.08
"NEW ENGLAND PLACEMATS",10,32,120.00
"GIFT BAG LARGE SPOT ",6,96,120.00
"CRACKED GLAZE NECKLACE RED",11,17,119.89
"LUNCH BAG VINTAGE DOILEY ",5,71,119.63
"PINK BABY GIRLS PHOTO ALBUM",5,17,119.39
"SET OF 12 T-LIGHTS VINTAGE DOILEY",6,61,118.95
"FOLDING MIRROR HOT PINK ",5,156,118.92
"PINK FLUFFY CHRISTMAS DECORATION",31,556,118.81
"BLACK FINE BEAD NECKLACE W TASSEL",16,20,118.73
"SILVER BLACK ORBIT DROP EARRINGS",20,28,118.51
"BOX OF 6 PEBBLE CANDLES",8,18,118.39
"FLOWER BROOCH 4 ASSORTED COLOURS",18,23,118.24
"VINTAGE NOTEBOOK PINK FLOWER",14,40,118.00
"DROP DIAMANTE EARRINGS CRYSTAL",24,40,117.90
"BLACK MEDIUM GLASS CAKE STAND",19,40,117.44
"NUMBER TILE COTTAGE GARDEN, 9",5,59,117.31
"HANGING FLOWERS+MIRROR,CLEAR",8,235,117.05
"NUMBER TILE VINTAGE FONT 0",20,74,117.04
"ZINC SWEETHEART SOAP DISH",21,62,116.82
"CD WALL TIDY RED FLOWERS",18,306,116.61
"FRENCH STYLE STORAGE JAR JAM",30,323,116.59
"PRICE'S CANDLE PEACH",9,1050,116.50
"RED PURSE WITH PINK HEART",16,96,116.40
"CREAM AND PINK FLOWERS PONY ",14,31,116.25
"RUBY GLASS CLUSTER EARRINGS",73,92,115.29
"ZINC HEART LATTICE CHARGER SMALL",12,39,115.05
"3 PINK HEN+CHICKS IN BASKET",14,100,114.86
"LITTLE PINK MONSTER SOFT TOY",21,47,114.45
"IVORY GOLD METAL BAG CHARM",6,20,114.24
"WALL ART BICYCLE SAFTEY ",3,21,114.15
"VANILLA INCENSE 40 CONES IN TIN",28,95,113.95
"SET/6 GREEN SPRING PAPER CUPS",40,325,113.84
"SPOTTED WHITE NATURAL SEED NECKLACE",10,79,113.76
"NUMBER TILE COTTAGE GARDEN, 7",3,57,113.41
"NUMBER TILE COTTAGE GARDEN, 0 ",3,57,113.41
"NUMBER TILE COTTAGE GARDEN, 2",3,57,113.41
"GREETING CARD,SQUARE, DOUGHNUTS",34,252,113.22
"PINK/PURPLE CIRCLE CURTAIN",12,64,112.32
"PURPLE FRANGIPANI HAIRCLIP",49,134,112.28
"KNITTED RABBIT DOLL ",11,68,112.20
"SQUARE METAL CANDLEHOLDER BASE",17,177,112.05
" BLACK PIRATE TREASURE CHEST",22,57,111.78
"FOLKART CHRISTMAS TREE T-LIGHT HOLD",26,255,111.34
"ASSORTED COLOUR JUMBO PEN",21,261,111.22
"NUMBER TILE COTTAGE GARDEN, 5",3,57,111.15
"BLUE/PINK NEST STRIPE BOX",5,1142,111.12
"PURPLE FRANGIPANI NECKLACE",30,44,110.85
"GREEN PENDANT TRIPLE SHELL NECKLACE",17,21,110.46
"BEECH WOOD P/FRAME",11,17,109.85
"NUMBER TILE COTTAGE GARDEN, 6",2,56,109.20
"NUMBER TILE COTTAGE GARDEN, 8",2,56,109.20
"NUMBER TILE COTTAGE GARDEN, 3 ",2,56,109.20
"NUMBER TILE COTTAGE GARDEN, 4",2,56,109.20
"LION SOCK PUPPET",19,37,109.15
"PACK/12 DECOUPAGE CARD",20,42,109.13
"CHERRY BLOSSOM PURSE",24,40,108.69
"DIAMANTE HAIR GRIP PACK/2 PERIDOT",40,65,108.43
"PINK FLOWERS RABBIT EASTER",13,45,108.27
"PINK CHRISTMAS FLOCK DROPLET ",12,144,107.94
"PAPER LANTERN 6 POINT SNOW STAR",6,26,107.90
"S/3 FLWR FAIRY ROSE CANDLES",6,43,107.68
"PINK DAISY BAG CHARM",29,42,107.39
"RED VICTORIAN FABRIC HEART BOX",25,295,107.33
"FLAT GLASS  BAUBLE WHITE FLOCK ",11,45,107.13
"SET 10 CARDS DINKY TREE 17076",16,43,107.07
"SMALL PARLOUR FRAME",2,42,106.98
"LITTLE GREEN MONSTER SOFT TOY",21,44,106.80
"BLUE/WHITE RIBBED MELAMINE JUG",7,10,106.59
"DOORMAT KISS MY.......",2,22,106.58
"PINK ROSEBUD PEARL EARRINGS",27,42,106.49
"DAISY HAIR COMB",23,42,106.49
"PENCIL CASE GINGHAM FOREST",4,36,106.20
"WOODEN CHRISTMAS TREE 3 HANGING",39,171,105.58
"S/3 RABBIT FLOWER/EGG/CARROT ROPE",20,124,105.40
"ACRYLIC JEWEL SNOWFLAKE,BLUE",6,238,105.24
"WRAP WINTER FOREST",9,250,105.00
"PACKING CHARGE",14,14,105.00
"VINTAGE ENAMEL & CRYSTAL NECKLACE",13,21,104.77
"SHOPPING BAG DOORSTOP",7,69,104.25
"SILVER WASHBAG",12,33,103.53
"MULTICOLOUR EASTER RABBIT ",13,53,103.35
"CLASSICAL ROSE TABLE LAMP",4,14,103.30
"BLUE HOLE PUNCH",12,82,102.50
"PINK NEW BAROQUE FLOCK CANDLESTICK",10,22,102.30
"NEW BAROQUE B'FLY NECKLACE GREEN",10,12,101.97
"TURQUOISE BERTIE GLASS BEAD CHARM",10,92,101.35
"PINK CLEAR GLASS CANDLE PLATE",14,67,101.29
"LOVE POTION MASALA INCENSE",20,481,101.01
"GOLD COSMETIC BAG PINK STAR",16,48,100.80
"FRENCH ENAMEL SOAP DISH WITH LID",1,48,100.80
"CUPID SCENTED CANDLE IN GLASS",14,61,100.65
"PAINTED SEA SHELL METAL WINDCHIME",11,97,100.31
"SEAGRASS S/2 CORNER LAUNDRY ",5,6,100.15
"SET 10 CARDS RED RIDING HOOD 17214",16,40,99.60
"15 PINK FLUFFY CHICKS IN BOX",23,33,99.46
"LETTER ""R"" BLING KEY RING",50,97,99.23
"VINTAGE ZINC WATERING CAN SMALL",8,18,99.20
"MULTICOLOUR DOTS PLATE",6,692,99.02
"BUNDLE OF 3 RETRO EXERCISE BOOKS",5,60,99.00
"TUSCAN VILLA FEEDING STATION",7,12,99.00
"RIBBON REEL, MAKING SNOWMEN ",5,60,99.00
"TUSCAN VILLA DOVECOTE",4,12,99.00
"VINTAGE SILVER TINSEL REEL",9,23,98.90
"MULTICOLOUR POLKADOT PLATE",4,713,98.83
"PINK DOG CANNISTER",13,24,98.80
"NUMBER TILE COTTAGE GARDEN, No",5,45,98.72
"WHITE ROSEBUD & PEARL NECKLACE",9,13,98.45
"CHERRY BLOSSOM PHOTO FRAME ",14,22,97.90
"WRAP BAD HAIR DAY",33,975,97.50
"BLUE SHELL+SILVER NECKLACE",8,13,97.50
"PINK VINTAGE VICTORIAN EARRINGS",16,33,97.24
"S/3 POT POURI CUSHIONS BLUE COLOURS",6,46,96.60
"LETTER ""G"" BLING KEY RING",48,104,96.58
"PINK CRYSTAL SKULL PHONE CHARM",26,117,95.84
"WHITE/PINK CHICK EASTER DECORATION",21,104,95.79
"GREEN WIRE GOBLET CANDLEHOLDER",6,12,95.40
"BLACK ORANGE SQUEEZER",35,223,95.38
"DOOR MAT KISS MY.......",8,13,95.15
"DIAMANTE HAIR GRIP PACK/2 RUBY",33,57,94.95
"BROWN ANTIQUE CUBE CANDLE",18,226,94.92
"GREEN ENAMEL FLOWER HAIR TIE",25,32,94.42
"GREEN POLKADOT CUP",10,111,94.35
"VIP PASSPORT COVER ",17,43,94.04
"WISE MAN STAR SHAPE EGG PAN",22,73,93.99
"Dad's Cab Electronic Meter",9,11,93.89
"HOME SWEEET HOME 3 PEG HANGER ",4,25,93.75
"GLASS BEAD HOOP NECKLACE BLACK",9,11,93.47
"LETTER ""D"" BLING KEY RING",50,103,93.37
"FLOWER BLUE CLOCK W/SUCKER",26,100,93.10
"TRANQUILITY MASALA INCENSE",18,442,92.82
"MONTANA DIAMOND CLUSTER NECKLACE",8,10,92.18
"PINK EAU DE COLOGNE BOTTLE",24,97,92.17
"GOLD JEWELERY BOX",3,20,92.00
"DROP DIAMANTE EARRINGS BLACK DIAMON",19,31,91.38
"DOUBLE CERAMIC PARLOUR HOOK",5,22,91.30
"VIP LUGGAGE TAG ",26,73,91.25
"PINK DOLLY HAIR CLIPS",20,84,91.25
"S/6 PINK EASTER DECS IN BOX",18,106,90.95
"PURPLE ENAMEL FLOWER HAIR TIE",23,31,90.90
"ROUND PURPLE CLOCK W/SUCKER",22,99,90.52
"S/4 ICON COASTER,ELVIS LIVES",37,70,90.50
"FIRE POLISHED GLASS BRACELET BLACK",12,24,90.46
"BLACK SIL'T SQU CANDLE PLATE ",9,43,90.30
"ORIENTAL BLUE C/COVER ",8,13,89.59
"GOLD PRINT PAPER BAG",20,439,89.58
"ORIGAMI LAVENDER INCENSE IN TUBE",2,213,89.46
"SET OF 16 VINTAGE IVORY CUTLERY",6,6,89.24
"ANTIQUE OLIVE GREEN FLOWER EARRINGS",11,21,89.20
"NEW ENGLAND EGG WARMER",32,138,89.12
"ANT SILVER TURQUOISE BOUDICCA RING",11,30,88.50
"ANT SILVER PURPLE BOUDICCA RING",14,30,88.50
"PINK AND BLACK STRING CURTAIN",6,39,88.05
"CD WALL TIDY BLUE OFFICE",20,225,87.96
"MANHATTAN CANVAS ART PICTURE",2,20,87.80
"BLUE CRYSTAL BOOT PHONE CHARM",10,102,87.51
"BLUE FLOCK CUSHION COVER ",7,26,87.50
"12 HANGING EGGS HAND PAINTED",7,42,87.36
"PET MUG, BUDGIE",32,170,87.28
"ACRYLIC BEAD CHAIN, BLUE",1,229,87.02
"COLOURFUL FLOWER FRUIT BOWL",16,22,86.95
"CRYSTAL KEY+LOCK PHONE CHARM",14,101,86.70
"SET 10 CARDS 12 DAYS WRAP  17058",11,26,86.58
"GREETING CARD, STICKY GORDON",61,321,86.54
"FOUR PICTURE WHITE GLASS FRAME",10,23,86.25
"SMOKEY GREY COLOUR GLASS",15,240,85.92
"BLACK DROP CRYSTAL NECKLACE",6,17,85.90
"DROP DIAMANTE EARRINGS GREEN",22,29,85.67
"WOBBLING METAL CHICKEN EASTER",18,93,85.53
"DOG FOOD CONTAINER , VINTAGE",3,10,85.00
"GLASS BEAD HOOP NECKLACE AMETHYST",8,10,85.00
"S/6 SILVER ORNAMENETAL CANDLE",23,100,85.00
"AMETHYST DROP EARRINGS W LONG BEADS",24,29,84.89
"INCENSE BAZAAR CANNABIS",2,228,84.84
"BERRIES CHUNKY KNITTED THROW ",4,5,84.75
"TEATIME PENCIL W STAMP ASST",4,941,84.69
"MEDIUM PARLOUR FRAME ",2,22,84.10
"GREETING CARD, RITA",50,341,83.97
"TURQ PENDANT TRIPLE SHELL NECKLACE",13,16,83.69
"Dotcomgiftshop Gift Voucher £100.00",1,1,83.33
"OLD DOC.RUSSEL METAL SIGN",24,41,82.94
"DIAMANTE NECKLACE PURPLE",7,11,82.81
"SET/6 BLACK ROSE T-LIGHT CANDLES",15,49,82.81
"FIRE POLISHED GLASS BRACELET MONTAN",11,22,82.80
"FLOWER BURST SILVER RING ROSE",11,22,82.74
"SILVER 2 STRAND NECKLACE-LEAF CHARM",8,11,82.64
"WHITE STONE/CRYSTAL EARRINGS",16,28,82.51
"RUBY GLASS CLUSTER NECKLACE",5,11,82.50
"SET 5 MINI CHOCOLATE FRIDGE MAGNETS",3,108,82.44
"PINK/YELLOW PATCH CUSHION COVER",5,8,82.34
"LETTER ""H"" BLING KEY RING",53,88,81.96
"FELTCRAFT HAIRBAND S/2, PINK/PURPLE",8,96,81.60
"WOODEN TREE CHRISTMAS SCANDISPOT",3,96,81.60
"WHITE CHRISTMAS FLOCK DROPLET ",8,94,81.56
"PASTEL BLUE PHOTO ALBUM",5,34,81.10
" ANIMAL STICKERS",12,385,80.85
"VINTAGE ROSE BEAD BRACELET BLUE",9,19,80.75
"MAGIC SLATE DOLLY GIRL ",4,192,80.64
"MAGIC SLATE CIRCUS PARADE  ",4,192,80.64
"WRAP SWEETS LIGHT PINK SMALL BOWL",10,72,80.62
"ORIGAMI OPIUM SCENT INCENSE+FLOWER",1,124,80.60
"PARTY PIZZA DISH GREEN RETROSPOT",19,89,80.51
"OOH LA LA DOGS COLLAR",5,5,80.31
"LETTER ""N"" BLING KEY RING",43,82,80.20
"SET 36 COLOUR PENCILS DOILEY",3,64,80.00
"DIAMANTE HAIR GRIP PACK/2 LT ROSE",27,48,79.87
"GOLD DIAMANTE STAR BROOCH",12,16,79.60
"AQUA BERTIE GLASS BEAD BAG CHARM",17,44,79.57
"RIO PINK STRIPE HAMMOCK",5,10,79.50
"STRAWBERRY CAKE TEAPOT",4,16,79.20
"CROCHET BEAR RED/BLUE  KEYRING",13,48,79.20
"GLASS AND PAINTED BEADS BRACELET OL",13,21,79.19
"WHITE VINTAGE CRYSTAL EARRINGS",12,20,79.14
"NEW ENGLAND MUG W GIFT BOX",14,31,79.05
"GREETING CARD, TWO SISTERS.",53,259,78.96
"SET OF 3 RABBIT CARROTS EASTER",20,86,78.81
"BLACK VINTAGE  CRYSTAL EARRINGS",12,21,78.75
"PARTY PIZZA DISH PINK WHITE SPOT ",19,75,78.73
"IVORY SCULPTED RND CANDLE ",13,92,78.20
"PINK STAR CHRISTMAS DECORATION",15,156,78.12
"CLASSIC CROME BICYCLE BELL ",2,60,77.40
"FIRE POLISHED GLASS NECKL BRONZE",8,13,77.35
"DISTRESSED CANDLE STICK WHITE",3,13,77.35
"CRACKED GLAZE NECKLACE IVORY",6,11,77.11
"DIAMANTE NECKLACE",6,10,77.00
"LETTER ""B"" BLING KEY RING",40,80,76.98
"CROCHET ROSE DES CLOTHES HANGER",7,26,76.70
"WHITE GLASS TV TRIPLE FRAME",9,18,76.60
"GREEN STONE/CRYSTAL EARRINGS",24,26,76.58
"NECKLACE+BRACELET SET PINK DAISY",12,30,76.50
" NEW BAROQUE BLACK BOXES",3,6,76.50
"FILIGREE DIAMANTE CHAIN",4,6,76.23
"CLASSIC DIAMANTE NECKLACE JET",7,10,75.88
"ACRYLIC JEWEL SNOWFLAKE, PINK",7,168,75.88
"PINK EASTER HENS+FLOWER",16,24,75.81
"TREE OF NOAH FESTIVE SCENTED CANDLE",11,69,75.60
"PINK SWEETIE NECKLACE",7,10,75.54
"SET OF 36 SPACEBOY PAPER DOILIES",8,51,75.42
"BLUE CHECK BAG W HANDLE 34X20CM",10,54,75.16
"VINTAGE ENGRAVED HEART",4,60,75.00
"ASS RETROSPOOF MUGS,SPORTS",6,143,75.00
"WRAP BOUDOIR ",9,750,75.00
"ENCHANTED GARDEN WROUGHT IRON TABLE",4,5,74.75
"ALUMINIUM HEART",6,30,74.70
"PAPER LANTERN 9 POINT HOLLY STAR 23",5,18,74.70
"VINTAGE PINK TINSEL REEL ",10,24,74.60
"MIDNIGHT BLUE DROP CRYSTAL NECKLACE",7,13,74.38
"L BLUE C/COVER W PINK/YELLOW FLOWER",4,8,74.31
"GREEN DROP EARRINGS W BEAD CLUSTER",15,22,73.99
"BLACK DIAMOND CLUSTER NECKLACE",6,8,73.86
"FAN BLACK FRAME ",26,254,73.66
"6 RABBIT CHAIN EASTER",19,70,73.27
"BLACK GLASS TV DOUBLE P/FRAME 15X10",5,17,72.25
"GLASS BEAD HOOP EARRINGS AMETHYST",16,23,72.18
"BILI NUT AND WOOD NECKLACE",9,52,71.90
"GLASS AND BEADS BRACELET IVORY",9,19,71.46
"CERISE+GOLD CHRISTMAS STOCKING DEC",17,188,71.44
"FAIRY CAKES  WALL THERMOMETER",10,28,71.40
"SET OF 36 VINTAGE CHRISTMAS DOILIES",8,38,71.27
"PINK FLOCK SUEDE CUSHION COVER ",6,27,71.25
"TINY CRYSTAL BRACELET GREEN",10,28,71.17
"DECROTIVEVINTAGE COFFEE GRINDER BOX",6,12,71.08
"AMBER FINE BEAD NECKLACE W TASSEL",9,12,71.00
"HEARTS PENCIL/RUBBER+5 MINI PENCILS",10,169,70.98
"WHITE ALLIUM  ARTIFICIAL FLOWER",11,42,70.98
"ASSORTED COLOUR SUCTION CUP HOOK",31,373,70.87
"PINK BUTTERFLY C/COVER ",6,10,70.82
"YELLOW/BLUE RETRO RADIO",12,24,70.80
"BLUE FELT HANGING HEART W FLOWER",16,58,70.76
"PORCELAIN HANGING BELL LARGE",10,38,70.50
"WHITE ENAMEL FLOWER HAIR TIE",16,24,70.49
"LARGE MINT DIAMANTE HAIRSLIDE",22,42,70.22
"IVORY PENDANT TRIPLE SHELL NECKLACE",9,14,70.03
"DIAMANTE HAIR GRIP PACK/2 MONTANA",23,42,69.83
"ENGLISH ROSE PHOTO FRAME ",7,15,69.75
"ROUND PURPLE CLOCK WITH SUCKER",24,367,69.73
"SET OF 36 DOLLY GIRL PAPER DOILIES",15,45,69.66
"PINK/AMETHYST/GOLD NECKLACE",5,10,69.62
"Dotcomgiftshop Gift Voucher £80.00",1,1,69.56
"CREAM C/COVER W YELLOW/GREEN FLOWER",3,10,69.50
"SILVER LOOKING MIRROR",8,14,69.30
"HAPPY ANNIVERSARY CANDLE LETTERS",14,175,69.18
"LETTER ""P"" BLING KEY RING",33,80,69.14
"TINY CRYSTAL BRACELET BLUE",13,27,68.63
"METAL BASE FOR CANDLES",12,178,68.52
"SILVER MONTE CARLO HANDBAG",3,8,68.00
"HAYNES CAMPER SHOULDER BAG",4,4,67.94
"GLASS BEAD HOOP NECKLACE GREEN",6,8,67.82
"GLASS BEAD HOOP NECKLACE MONTANA",7,8,67.82
"FLOWER BURST SILVER RING GREEN",11,18,67.77
"PINK PAISLEY PHOTO ALBUM",4,7,67.71
"PINK/WHITE GLASS DEMI CHOKER",5,9,67.64
"NEW BAROQUE B'FLY NECKLACE CRYSTAL",6,8,67.61
"BLUE TABLE RUN FLOWER",14,48,67.50
"SCOTTS ROSES TILE COASTER",10,54,67.50
"PURPLE LAS VEGAS BRACELET ROUND",7,18,67.50
"ENGLISH ROSE SET/3 GARDEN TOOLS",4,5,67.25
"ACRYLIC HANGING JEWEL,PINK",7,95,66.55
"TINY CRYSTAL BRACELET RED",12,26,66.31
"OCCASIONS GIFT CARD ASSORTMENT",1,120,66.00
"BLUE STONES ON WIRE FOR CANDLE",34,795,65.94
"LARGE FIBRE OPTIC CHRISTMAS TREE",11,21,65.76
"PURPLE FINE BEAD NECKLACE W TASSEL",9,11,65.31
"LARGE ZINC/GLASS CANDLEHOLDER",9,27,65.23
"LIGHT DECORATION BATTERY OPERATED",5,31,65.10
"BISCUIT TIN VINTAGE LEAF",3,24,64.56
"CROCHET DOG KEYRING",8,39,64.35
"WHITE WITH METAL BAG CHARM",7,13,64.35
"FUSCHIA VOILE POINTY SHOE DEC",16,104,63.96
"MULTICOLOUR GLASS PLATE",16,116,63.80
"16 PC CUTLERY SET PANTRY DESIGN",1,4,63.80
"GERANIUM FOLKART HEART DECORATION",13,51,63.75
"BLUE TILED SET OF 3 DRAWERS",1,5,63.75
"S/6 PAPER BOXES BLOSSOM IMAGES ",10,15,63.75
"NEW BAROQUE BLACK BOXES",4,5,63.75
"PINK CROCHET CAT WITH SCARF",11,15,63.75
"S/6 PAPER BOXES ROMANTIC IMAGES",10,15,63.75
"DROP EARRINGS W FLOWER & LEAF",20,25,63.59
"CAT FOOD CONTAINER , VINTAGE",3,10,63.50
"VINTAGE KEEPSAKE BOX BEAUTY GIRL",4,10,63.50
"PURPLE/BLUE CERAMIC CANDLE HOLDER",13,26,63.28
"WRAP , SUMMER ROSE DESIGN",6,150,63.00
"LETTER ""I"" BLING KEY RING",27,64,62.70
"BLUE KNITTED KID'S RUCKSACK",5,13,62.35
"BLACK FEATHER CHRISTMAS DECORATION",17,312,62.30
"BURG FLOCK GOLD CUP/CANDLE ",8,129,61.94
"PINK/YELLOW RABBIT SAT EASTER",29,88,61.92
"RED SPOTTY PASSPORT COVER",14,15,61.76
"FLOWERS HANDBAG blue and orange",3,49,61.25
"WOODEN STAR CHRISTMAS SCANDISPOT",2,72,61.20
"BAKING MOULD CHOCOLATE CUP CAKES",2,24,61.20
"WALL ART ,PUDDINGS ",2,8,61.20
"FELTCRAFT HAIRBANDS PINK + WHITE ",6,72,61.20
"WHITE SILVER NECKLACE SHELL GLASS",5,6,60.67
"MAGIC SLATE DINOSAUR",3,144,60.48
"RED PEONY DES C/COVER ",6,13,60.45
"BIRTHDAY BANNER TAPE",3,48,60.00
"PINK SQUARE COMPACT MIRROR",12,16,60.00
" SET Of 6 SOLDIER SKITTLES",3,16,60.00
"FLOWER FAIRY MUG+COASTER,LAVENDER",8,16,60.00
"TIN CAN BISCUITS DESIGN",4,48,60.00
"SET 10 CARDS DRESSING UP 17077",10,24,59.76
"LASER CUT MULTI STRAND NECKLACE",4,5,59.75
"BLUE COL METAL FOLDING CHAIR",5,9,59.75
"DAISY RING",27,47,59.65
"Dotcomgiftshop Gift Voucher £70.00",1,1,59.57
"BLUE BUTTERFLY ON SPRING",8,70,59.50
"I LOVE LONDON WALL ART",2,12,59.40
"CHILDRENS CIRCUS PARADE MUG",3,36,59.40
"ROUND FOOD CONTAINER S/5 RETROSPOT",3,36,59.40
"RUSTIC STRAWBERRY JAMPOT SMALL",3,36,59.40
"VINTAGE BEAD FILLED PINK CUSHION",5,12,59.40
"HAND OPEN SHAPE BLACK",6,17,59.33
"BLACK CRYSTAL DROP EARRINGS",15,20,59.06
"RABBIT EASTER DECORATION",5,20,59.00
"CALENDAR FAMILY FAVORITES",4,20,59.00
"SKY BLUE COLOUR GLASS GEMS IN BAG",11,87,58.83
"ICON ALARM CLOCK,FUSCHIA  PIN UP",7,23,58.65
"PINK LARGE JEWELED PHOTOFRAME",11,23,58.65
"IVORY SHELL HEART EARRINGS",18,23,58.43
"GREEN PEONY DES C/COVER",5,11,58.37
"HEN HOUSE W FAMILY IN BARN & NEST",18,77,58.31
"ACRYLIC JEWEL ANGEL,BLUE",3,139,58.07
"WHITE/BLUE RECT CERAMIC OIL BURNER",13,33,58.05
"JEWELLED DECORATION,BLUE",3,150,57.00
"PADDED RED HEART DECORATION",22,114,56.18
"BLUE FLOWER DES PURSE",10,54,56.16
"CRYSTAL LARGE JEWELLED PHOTO FRAME",10,22,56.10
"BLACK 3 BEAD DROP EARRINGS",13,19,55.74
"CLASSIC DIAMANTE EARRINGS JET",14,19,55.69
"LETTER ""T"" BLING KEY RING",24,57,55.57
"GREEN POP ART MAO CUSHION COVER ",22,292,55.48
"HEN & 2 CHICKS IN BASKET",7,65,55.25
"ANTIQUE MID BLUE FLOWER EARRINGS",10,13,55.12
"WELCOME METAL SIGN",8,44,55.00
"SILVER M.O.P. ORBIT NECKLACE",6,11,54.80
"SET/4 GARDEN ROSE DINNER CANDLE",15,29,54.76
"ORANGE/FUSCHIA STONES NECKLACE",4,11,54.62
"MOP PENDANT SHELL NECKLACE",5,11,54.59
"COPPER AND BRASS BAG CHARM",6,10,54.51
"PORCELAIN CHERUB BELL LARGE",9,33,54.45
"PINK CRYSTAL GUITAR PHONE CHARM",9,64,54.40
"OPULENT VELVET CANDLE IN BOX",7,30,54.30
"PARTY PIZZA DISH BLUE WHITE SPOT ",17,53,54.28
"PURPLE DRESS JEWELLERY STAND",4,63,54.09
"SPACEBOY MINI RUCKSACK",4,13,53.95
"BIRDCAGE DECORATION MAGIC GARDEN",3,21,53.55
"YELLOW + BROWN BEAR FELT PURSE KIT",15,39,52.65
"CARNATION SQUARE HANDY TIN",14,42,52.50
"RETO LEAVES MAGNETIC SHOPPING LIST",3,36,52.20
"DOORKNOB CERAMIC IVORY",1,36,52.20
"YELLOW/PINK CERAMIC CANDLE HOLDER",13,19,51.66
"DIAMANTE HAIR GRIP PACK/2 BLACK DIA",16,31,51.55
"GERANIUM SQUARE HANDY TIN",11,41,51.25
"PINK LEAVES AND BEADS PHONE CHARM",10,34,51.22
"ASSORTED SANTA CHRISTMAS DECORATION",7,50,51.14
"POLYESTER FILLER PAD 60x40cm",6,20,51.00
"SET/4 BLACK  BAROQUE FLOCK COASTER",4,20,51.00
"ANTIQUE OPAL WHITE FLOWER EARRINGS",10,12,50.94
"CREAM SWEETHEART DOUBLE SHELF",1,3,50.85
"BREAD BIN, DINER STYLE, RED ",2,3,50.85
"NUMBER TILE VINTAGE FONT, No ",3,23,50.70
"BLUE FELT HANGING HEART WITH FLOWER",30,75,50.57
"YELLOW/PINK FLOWER DESIGN BIG MUG",23,48,50.46
"STRAWBERY SWIRL FLARE CANDLE",7,24,50.40
"ORANGE PENDANT TRIPLE SHELL NECKLAC",5,10,50.06
"SET/2 CHRISTMAS DECOUPAGE CANDLES",6,40,50.00
"SET 10 CARD KRAFT REINDEER 17084",14,20,49.80
"VEGETABLE MAGNETIC  SHOPPING LIST",3,36,49.80
"PET MUG, GOLDFISH",28,110,49.64
"CRACKED GLAZE NECKLACE BROWN",5,7,49.58
"CORDIAL JUG",2,6,49.50
"FAIRY CAKES GIFT BAG",11,117,49.14
"PAIR PINK/BLACK COATHANGERS",7,25,48.75
"PINK TALL PORCELAIN T-LIGHT HOLDER ",12,19,48.45
"SET/16 WHITE SHINY & MATT BAUBLES",24,83,48.30
"CRACKED GLAZE EARRINGS RED",17,19,48.11
"CRYSTAL CZECH CROSS PHONE CHARM",15,52,48.08
"CAROUSEL CHILDRENS APRON",12,29,47.97
"ORNATE EDWARDIAN CANDLE HOLDER",4,6,47.70
"GOTHIC CARRIAGE LANTERN",4,8,47.60
"WALL ART , LOVES' SECRET ",2,8,47.60
"PADDED HOLLY CHRISTMAS DECORATION ",21,107,47.43
"VINTAGE NOTEBOOK FRENCH LETTER ",4,16,47.20
"BROWN VINTAGE VICTORIAN EARRINGS",6,16,47.12
"HEN HOUSE W CHICK IN NEST",13,112,47.04
"BLACK GLASS/SHELL/PEARL NECKLACE",5,5,46.93
"TRELLIS FLOWER CHOPSTICKS SET/5",9,24,46.80
"BLUE MONTE CARLO HANDBAG",1,24,46.80
"ANTIQUE RASPBERRY FLOWER EARRINGS",10,11,46.60
"ROUND BLUE CLOCK W/SUCKER",11,54,46.56
"RED PEONY PHOTO FRAME ",5,10,46.50
"TEATIME PENCIL WITH RUBBER",8,151,46.45
"FUSCHIA TABLE RUN FLOWER ",7,29,46.25
"WHITE WIRE PLANT POT HOLDER",2,16,46.24
"LILAC VOTIVE CANDLE",11,220,46.20
"PAPER LANTERN 5 POINT STUDDED STAR",4,8,46.00
"CANDY STRIPE ROSE QUILT",1,1,45.95
"SET OF 4 NAPKIN CHARM CUTLERY",3,18,45.90
"BLACK ASSORTED DROPLET DECORATION",3,62,45.76
"WRAP SPEED DEMONS ",2,450,45.00
"SET/6 CHRISTMAS ICICLE T-LIGHTS",10,36,45.00
"PASTA ENAMEL/BRASS CONTAINER",8,12,45.00
"TIN CAN KINGS CHOICE DESIGN",3,36,45.00
"PIZZA DISH SLICE ",2,36,45.00
"SET 6 CARDS SPARKLY REINDEER 17262",4,9,44.91
"MEDINA STAMPED METAL TRAY ",2,3,44.85
"PINK BUTTERFLY CUSHION COVER",5,23,44.85
"ORANGE/WHT/FUSCHIA STONES NECKLACE",3,9,44.75
"S/3 FRENCH VANILLA SQU CANDLE",12,27,44.55
"AMBER GLASS BRACELET HEART CHARMS",4,9,44.55
"MIDNIGHT BLUE CRYSTAL DROP EARRINGS",15,15,44.28
"IVORY ROSE LAMPSHADE ",9,39,44.25
"PINK ROSES/GINGHAM PATCH RABBIT 8""",9,15,44.25
"AMBER BERTIE GLASS BEAD BAG CHARM",17,18,44.19
"ORIGAMI LAVENDER INCENSE CONES",2,97,43.75
"RETRO PILL BOX KEY CHAIN,THE KING",14,235,43.65
"FRESHWATER PEARL BRACELET PINK",6,17,43.35
"ACRYLIC BEAD CHAIN, PINK",1,114,43.32
"T-LIGHT HOLDER SILVER SAUCER",8,44,42.92
"WRAP SUMMER ROSE DESIGN",5,102,42.84
"Hypochondriac Pill Stress Ball",9,10,42.64
" STAR  T-LIGHT HOLDER ",8,25,42.61
"NEW BAROQUE B'FLY NECKLACE BLACK",4,5,42.50
"PARTY PIZZA DISH GREEN WHITE SPOT ",15,40,42.30
"AMBER BERTIE MOBILE PHONE CHARM",5,21,42.10
"BLACK FLOCK GOLD CANDLE",6,54,42.08
"WRAP  VINTAGE DOILEY ",2,100,42.00
"GOLD COSMETICS BAG WITH BUTTERFLY",11,20,42.00
"BLUE/NAT SHELL NECKLACE W PENDANT",4,7,41.65
"FIRE POLISHED GLASS NECKL SILVER",3,7,41.65
"BLACK NEW BAROQUE FLOCK BOX",4,7,41.65
"FIRE POLISHED GLASS NECKL GOLD",4,7,41.65
"PAPER LANTERN 5 POINT STAR MOON 30",5,10,41.50
"SET 4 EASTER DECOUPAGE OVAL BOXES",7,14,41.30
"CREAM BUNNY EASTER EGG BASKET",3,25,41.25
"BLUE/GREEN SHELL NECKLACE W PENDANT",5,7,41.21
"GLASS BEAD HOOP EARRINGS GREEN",12,14,41.17
"BLACK DROP EARRINGS W LONG BEADS",14,14,41.02
"Glow In The Dark Shot Glasses ",3,3,41.01
"WHITE FOXGLOVE ARTIIFCIAL FLOWER",3,16,40.80
"CANNABIS LEAF BEAD CURTAIN",3,48,40.80
"POLKADOT PENS",1,48,40.80
"MINITURE ANTIQUE ROSE HOOK IVORY",4,48,40.80
"LIGHT TOPAZ TEAL/AQUA COL NECKLACE",7,8,40.72
"WINE BOTTLE DRESSING DARK BLUE",27,147,40.52
"PALE PINK/AMETHYST STONE NECKLACE",3,4,40.47
"SILVER/NAT SHELL NECKLACE W PENDANT",7,7,40.34
"MAGIC SLATE GO TO THE FAIR ",2,96,40.32
"MAGIC SLATE LEAP FROG ",2,96,40.32
"HARDMAN MUG 3 ASSORTED",14,66,40.20
"ROUND BLUE CLOCK WITH SUCKER",10,211,40.09
"JAZZ HEARTS SPIRAL NOTEPAD",12,47,39.95
"ROCOCO WALL MIROR",1,2,39.90
"WINE BOTTLE DRESSING LT.BLUE",25,141,39.87
"TEATIME ROUND CAKE TINS ",1,4,39.80
"FOLKART ZINC CLIP ON ANGEL WINGS",11,104,39.52
"LETTER ""F"" BLING KEY RING",27,47,39.23
"CAT BOWL, ENAMEL , CREAM COLOUR",2,12,39.00
"COGNAC AUX OEUFS METAL 1 HOOK",11,31,38.75
"RED STONE/CRYSTAL EARRINGS",8,13,38.31
"GLASS BEAD HOOP EARRINGS MONTANA",10,13,38.28
"DIAMANTE NECKLACE BLACK ",4,5,37.62
"S/4 BLACK DISCO PARTITION PANEL",2,6,37.62
"FIRE POLISHED GLASS BRACELET RED",5,10,37.61
"PAPER LANTERN 9 POINT HOLLY STAR 40",3,6,37.50
"GLASS WINE GLASS DECORATIONS",9,30,37.50
"YELLOW BIRDS FELT DES FOODCOVER",5,10,37.50
"PINK BERTIE MOBILE PHONE CHARM",5,20,37.14
"GREETING CARD, THE BLACK CAT",17,74,37.04
"THE KING GIFT BAG 25x24x12cm",13,88,36.96
"SPHERICAL IVORY CANDLE ",13,88,36.96
"MONEY BOX FIRST AID DESIGN",11,44,36.78
"ORIGAMI OPIUM INCENSE CONES",6,95,36.60
"ROSE PENDANT TRIPLE SHELL NECKLACE",5,7,36.33
"TINY CRYSTALS BRACELET BLACK",8,14,35.87
"BLUE HANGING GINGHAM EASTER HEN",17,85,35.70
"SET OF 4 PASTEL STACKING MUGS",7,14,35.70
"RETRO PILL BOX , REVOLUTIONARY",11,190,35.33
"GREEN CRYSTAL DROP EARRINGS",7,12,35.33
"MISO PRETTY  GUM",30,42,34.82
"LEAVES MAGNETIC  SHOPPING LIST",2,24,34.80
"BLUE BABY BOY'S MEMORY BOX",4,5,34.75
"LILY BROOCH WHITE/SILVER COLOUR",3,7,34.65
"CROCHET POODLE KEYRING",3,21,34.65
"SMALL FOLKART CHRISTMAS TREE DEC",4,135,34.62
"GLASS BELL JAR LARGE",1,4,34.00
"DOG BOWL, ENAMEL , CREAM COLOUR",2,8,34.00
"M/COLOUR POM-POM CURTAIN",4,8,34.00
"FRYING PAN PINK RETROSPOT",3,7,33.97
"*Boombox Ipod Classic",1,2,33.96
"FLOWER BLUE CLOCK WITH SUCKER",8,117,33.93
"PINK VINTAGE VICTORIAN CHOKER",2,5,33.75
"DOLLY GIRL MINI RUCKSACK",2,8,33.20
"SET OF 3 RABBIT EGG EASTER",16,37,33.15
"EMBROIDERED REINDEER DECORATION",8,24,33.10
"MONTANA DIAMOND CLUSTER EARRINGS",7,12,33.00
"BOXED GLASS ASHTRAY",13,13,32.59
"BEADED CRYSTAL HEART PINK\ON STICK",11,21,32.55
"BLUE/YELLOW FLOWER DESIGN BIG MUG",17,39,32.37
"LETTER ""V"" BLING KEY RING",24,41,32.33
"LETTER ""O"" BLING KEY RING",18,37,32.27
"GLASS BELL JAR SMALL",1,8,31.60
"SET 12 COLOUR PENCILS DOILEY",3,48,31.20
"SET 10 CARDS CHEERFUL ROBIN 17065",10,15,31.20
"BLUE NETTING STORAGE HANGER",9,16,31.20
"PINK HANGING GINGHAM EASTER HEN",15,74,31.08
"PINK/GREEN FLOWER DESIGN BIG MUG",20,47,30.81
"MULTICOLOUR CRUSOE CHECK LAMPSHADE",17,61,30.66
"WOODEN HEART CHRISTMAS SCANDISPOT",1,36,30.60
"BAKING MOULD CUPCAKE CHOCOLATE",1,12,30.60
"SET OF 4 NAPKIN CHARMS INSTUMENT   ",2,12,30.60
"Electronic Talking Breath-A-Loser",5,6,30.47
"BAROQUE BUTTERFLY EARRINGS CRYSTAL",8,8,30.23
"ASSORTED FRAGRANCE BATH CONFETTI",9,64,30.16
"BLUE/YELLOW CERAMIC CANDLE HOLDER",8,14,30.08
"TIN CAN HOUSEKEEPING DESIGN",2,24,30.00
"TIN CAN POCKET MONEY DESIGN",2,24,30.00
"DRAWER KNOB ACRYLIC EDWARDIAN CLEAR",1,24,30.00
"SILVER HEART COMPACT MIRROR",4,8,30.00
"BUTTERFLY CUSHION COVER",2,8,30.00
"DRAWER KNOB ACRYLIC EDWARDIAN GREEN",1,24,30.00
"ENAMEL JUG PANTRY",2,8,30.00
"ENAMEL BOWL PANTRY",2,24,30.00
"GIFT BAG LARGE 50'S CHRISTMAS",2,24,30.00
"DRAWER KNOB ACRYLIC EDWARDIAN PINK",1,24,30.00
"WAVELINE SURF IRONING BOARD COVER",6,8,30.00
"DRAWERKNOB ACRYLIC EDWARDIAN PURPLE",1,24,30.00
"DIAMANTE NECKLACE GREEN",3,4,29.98
"GREEN/BLUE FLOWER DESIGN BIG MUG",12,29,29.96
"FRENCH STYLE WIRE DOOR CABINET ",1,1,29.95
"CAMOUFLAGE BACKPACK ON WHEELS",2,3,29.85
"DOTCOMGIFTSHOP TEA TOWEL",3,15,29.81
"BLUE ORGANDY ROUND LAMPSHADE W BEA",13,35,29.75
"TRAY FOR TV DINNER , DOLLY GIRL",1,6,29.70
"WALL ART,ONLY ONE PERSON ",1,6,29.70
"TRAY FOR TV DINNER ,SPACEBOY",1,6,29.70
"DUSTY PINK CHRISTMAS TREE 60CM",3,10,29.50
"GLASS BEAD HOOP EARRINGS BLACK",6,10,29.48
"4 FESTIVE GREEN DINNER CANDLES",3,53,28.93
"LILAC GAUZE BUTTERFLY LAMPSHADE",18,68,28.56
"PACK OF 12 DOILEY TISSUES",2,72,28.08
"SET/6 GREEN SPRING  PAPER PLATE",7,33,28.05
"CRACKED GLAZE EARRINGS IVORY",10,11,27.78
"SANDALWOOD INCENSE IN TIN",8,19,27.71
"GREEN LEAVES AND BEADS PHONE CHARM",6,18,27.55
"BLUE LEAVES AND BEADS PHONE CHARM",6,20,27.52
"SET 10 CARDS OUT OF ORDER 17216",9,11,27.39
"SET 10 XMAS CARDS & BADGES 17070",6,11,27.39
"ASSORTED COLOURED CIRCLE MOBILE ",7,65,27.30
"KNITTED POM POM HOT WATER BOTTLE",4,6,27.21
"BLUE BABY BOY'S PHOTO ALBUM",1,2,27.14
"BLUE DROP EARRINGS W BEAD CLUSTER",7,8,27.04
"High Resolution Image",3,4,27.00
"ORIGAMI SANDLEWOOD INCENSE IN TUBE",5,62,26.70
"BAROQUE BUTTERFLY EARRINGS MONTANA",7,7,26.50
"3 PIECE JIGSAW TOADSTOOLS",2,16,26.40
"LETTER ""Y"" BLING KEY RING",10,69,26.19
"SET 10 CARDS WISHING TREE 17116",7,9,26.19
"AMBER 3 BEAD DROP EARRINGS",9,9,26.16
"SPOTS ON RED BOOKCOVER TAPE",18,62,26.04
"PEARL AND CHERRY QUARTZ BRACLET",6,7,25.67
"*USB Office Mirror Ball",3,3,25.59
"ORGANISER WOOD, ANTIQUE WHITE ",2,3,25.50
"GREEN PENDANT SHELL NECKLACE",4,5,25.45
"CAMOUFLAGE DOG COLLAR",2,2,25.44
"DOTS IRONING BOARD COVER",11,13,25.35
"PINK/WHITE CHRISTMAS TREE 30CM",7,58,25.28
"CRACKED GLAZE EARRINGS BROWN",10,10,25.28
"Dr. Jam's Arouzer Stress Ball",5,6,25.27
"TURQUOISE CHRISTMAS TREE ",9,20,25.00
"GUMBALL COATHOOK., BLACK & WHITE ",4,20,25.00
"IVORY PANTRY HANGING LAMP ",1,2,25.00
"BELL HEART ANTIQUE GOLD",1,12,24.96
"SET 10 CARDS PERFECT POST 17090",7,10,24.90
"SET OF 4 KNICK KNACK TINS  DOILEY ",1,6,24.90
"CROCHET LILAC/RED BEAR KEYRING",5,15,24.75
"BLUE TINSEL GARLAND ",12,130,24.70
"WOOD XMAS TREE 9 FIG SHELVES",4,29,24.65
"PINK RABBIT SITTING EASTER",5,52,24.18
"BROWN DOG CANNISTER W BONE",3,4,23.80
"PURPLE LEAVES AND BEADS PHONE CHAR",7,14,23.75
"ORIGAMI SANDLEWOOD INCENSE CONES",4,61,23.70
"AMBER CRYSTAL DROP EARRINGS",8,8,23.61
"CANNISTER VINTAGE LEAF DESIGN",2,12,23.40
"SET 10 CARD CHRISTMAS WELCOME 17112",6,8,23.28
"STORAGE TIN VINTAGE DOILEY ",2,7,23.13
"ZINC PLANT POT HOLDER",1,8,23.12
"CAROUSEL PLACEMATS ",3,4,23.06
"NECKLACE+BRACELET SET PINK BLOSSOM",3,8,22.91
"ZINC T-LIGHT HOLDER STARS LARGE",2,24,22.80
"YELLOW RABBIT SAT EASTER",6,51,22.63
"BAROQUE BUTTERFLY EARRINGS GREEN",6,6,22.56
"BLING KEY RING STAND",11,19,22.50
"GOLD 2 STRAND NECKLACE-LEAF CHARMS",2,3,22.50
"FLOWER FAIRY MUG+COASTER,ROSE",1,6,22.50
"SET 10 CHRISTMAS CARDS HOHOHO 16956",4,9,22.41
"SET 10 CARDS SCOTTIE DOG 17211",8,9,22.41
"LETTER ""Z"" BLING KEY RING",18,32,22.34
"VINTAGE BEAD CHAISE LONG JEWEL BOX",2,18,21.50
"BIRD ON BRANCH CANVAS SCREEN",1,11,21.45
"YELLOW BROWN BEAR FELT PURSE KIT",6,14,21.28
"IVORY HANGING DECORATION  RABBIT",4,25,21.25
"PURPLE/COPPER HANGING LAMPSHADE",10,25,21.25
"FRYING PAN BLUE RETROSPOT",3,4,21.22
"KEEP CALM BIRTHDAY WRAP",2,50,21.00
"S/16 BLACK SHINY/MAT BAUBLES",2,50,21.00
"WRAP A PRETTY THANK YOU",2,50,21.00
"WOODLAND MINI RUCKSACK ",2,5,20.75
"CAT CAMOUFLAGUE COLLAR",3,4,20.68
"ROBOT PENCIL SHARPNER",3,4,20.57
"PARTY PIZZA DISH BLUE+WHITE SPOT ",2,24,20.40
"PARTY PIZZA DISH PINK+WHITE SPOT ",2,24,20.40
"PURPLE TINT ACRYLIC FLOWER VASE",4,24,20.40
"PEN, 10 COLOURS - SPACEBOY",1,24,20.40
"MAGIC SLATE BAKE A CAKE ",1,48,20.16
"DIAMANTE BOW BROOCH WHITE COLOUR",3,3,19.93
"PINK BEADS+HAND PHONE CHARM",2,14,19.92
"SET 10 CARDS JINGLE BELLS 17217",7,8,19.92
"SET 10 CARDS SNOWY SNOWDROPS  17100",4,8,19.92
"SET 10 CARDS JINGLE BELLS 16957",5,8,19.92
"DOORKNOB CRACKED GLAZE GREEN",2,12,19.80
"DOORKNOB CRACKED GLAZE PINK",2,12,19.80
"WHITE SATIN DRESS JEWEL STAND",2,4,19.80
"ENAMEL DINNER PLATE PANTRY",1,12,19.80
"YELLOW PINK FLOWER DESIGN BIG BOWL",5,31,19.77
"YELLOW/ORANGE FLOWER DESIGN PLATE",2,68,19.72
"PINK FLOWERS CHILDS UMBRELLA",4,6,19.50
"RETRO TIN ASHTRAY,REVOLUTIONARY",4,52,19.40
"HOME SWEET HOME  BLACKBOARD",3,3,19.05
"JAM JAR WITH BLUE LID",2,26,18.98
"CRYSTAL CHANDELIER T-LIGHT HOLDER",1,3,18.75
"BAROQUE BUTTERFLY EARRINGS PINK",5,5,18.69
"CUTE BIRD CEATURE SCREEN",6,28,18.48
"S/3 ENGLISH LAVENDER SQU CANDLE",5,11,18.15
"CAMOFLAGE CUSHION COVER",1,11,18.15
" TOADSTOOL BEDSIDE LIGHT ",1,2,17.90
"BLUE TALL PORCELAIN T-LIGHT HOLDER",3,7,17.85
"BLUE BAROQUE FLOCK CANDLE HOLDER",1,3,17.85
"SMALL SINGLE FLAME CANDLE HOLDER",8,51,17.85
"WOOD ANIMALS HEIGHT CHART STICKERS ",1,6,17.70
"AMETHYST 3 BEAD DROP EARRINGS",6,6,17.53
"SET 10 CARDS XMAS GRAPHIC  17218",2,7,17.43
"NUMBER TILE VINTAGE FONT, 8",1,8,17.36
"NUMBER TILE VINTAGE FONT, 0",1,8,17.36
"NUMBER TILE VINTAGE FONT, 1",1,8,17.36
"NUMBER TILE VINTAGE FONT, 2",1,8,17.36
"NUMBER TILE VINTAGE FONT, 3",1,8,17.36
"NUMBER TILE VINTAGE FONT, 4",1,8,17.36
"NUMBER TILE VINTAGE FONT, 5",1,8,17.36
"NUMBER TILE VINTAGE FONT, 6 ",1,8,17.36
"NUMBER TILE VINTAGE FONT, 7",1,8,17.36
"BLACK DIAMOND CLUSTER EARRINGS",5,6,17.36
"NAVY CUDDLES DOG HOODIE",2,2,17.30
"DOGS NIGHT COLLAR",2,2,17.12
"MINT DINER CLOCK",1,2,17.00
"VANILLA CANDLE IN EMBOSSED ZINC POT",3,10,16.90
"S/4 CONTEMPORY PINK ROSEBUD CANDLES",4,8,16.80
"VINTAGE COLLAGE  GREETING  CARD ",2,40,16.80
"PINK GAUZE BUTTERFLY LAMPSHADE",13,40,16.80
" LARGE SKULL WINDMILL",2,8,16.80
"SET 10 CARDS CHRISTMAS TREE 16955",5,5,16.65
"LUNCH BAG PINK POLKADOTS",1,10,16.50
"ARMY CAMO BOOKCOVER TAPE",10,38,16.38
"PLAYING CARDS VINTAGE DOILEY ",2,13,16.25
"WHITE FRANGIPANI HAIR CLIP",4,19,16.11
"ELEPHANT CLIP W SUCTION CUP",12,38,15.96
"FLOWERS AND BIRDS WALL PLAQUE",1,2,15.90
"GREETING CARD, BLACKPOOL ROCK",13,28,15.90
"PINK CHRISTMAS TREE DECORATION",10,37,15.63
"TOADSTOOL  LUNCHBOX WITH CUTLERY",4,4,15.44
"GUMBALL CUSTOM CARS TOP TRUMPS GAME",3,3,15.40
"BAKING MOULD TOFFEE CUP  CHOCOLATE",1,6,15.30
"FLOWER FAIRY 5 SUMMER DRAW LINERS",1,6,15.30
"CUBIC MUG TEATIME CAKES",1,6,15.30
"ASSTD RASTA KEY-CHAINS",7,36,15.12
"3 BLACK CATS W HEARTS BLANK CARD",9,79,15.01
"TIN CAN CONFECTIONERY DESIGN",1,12,15.00
"HEN PARTY BANNER TAPE",1,12,15.00
"SET OF 6 EASTER RAINBOW CHICKS",1,12,15.00
"PAINTED HEART WREATH WITH BELL",1,12,15.00
"RUBY GLASS NECKLACE 42""",2,2,15.00
"ENAMEL MUG PANTRY",1,12,15.00
"SWEETHEART CREAM STEEL FOLDIN CHAIR",1,1,14.95
"FOLDING MIRROR IVORY ",2,18,14.94
"FOLDING MIRROR RED  ",2,18,14.94
"SET 10 CARDS DAVID'S MADONNA 17074",4,6,14.94
"FROSTED GLASS WITH SILVER SURROUND",1,9,14.85
"VINTAGE BEAD PINK JEWEL STAND",3,3,14.85
"11 PC CERAMIC TEA SET POLKADOT",1,3,14.85
"KID'S CHALKBOARD/EASEL",2,5,14.75
"PURPLE CRYSTAL DROP EARRINGS",5,5,14.75
"SET 10 CARDS XMAS CHOIR 17068",5,5,14.55
"FLOWER PURPLE CLOCK W/SUCKER",7,17,14.45
"DOORMAT GREEN PAISLEY ",1,1,14.43
"ANTIQUE SILVER BOOK MARK WITH BEADS",3,17,14.11
"PINK BABY GIRL'S MEMORY BOX",2,2,13.90
"WALL ART , THE MAGIC FOREST ",1,2,13.90
"EMPIRE TEDDY",2,2,13.90
"DUSTY PINK CHRISTMAS TREE 30CM",4,11,13.75
"PINK MINI STATIONERY SET W CASE",7,11,13.75
"CERISE+GOLD CHRISTMAS TREE DEC",9,36,13.68
"RHOMBUS CRYSTAL PERFUME BOTTLE",3,7,13.65
"RASTA IN BATH W SPLIFF ASHTRAY",10,16,13.60
"BEWARE OF THE CAT DOORMAT",2,2,13.50
"SILICON STAR BULB  BLUE",12,32,13.44
"BLUE STRIPES SHOULDER BAG",4,11,13.37
"SILVER AND BLACK ORBIT NECKLACE",2,2,13.35
"SET 10 CARDS MAGICAL TREE 17086",4,4,13.32
"CHRISTMAS TABLE CANDLE SILVER SPIKE",1,16,13.28
"SET 10 CARDS HATS & STOCKINGS 17081",7,8,13.28
"PINK BALLET OPENING CUBE BOX ",1,3,12.90
"PACK/12 RUSSIAN DOLL CARDS",9,10,12.78
"KISS REINDEER SCANDINAVIAN STOCKING",2,5,12.75
"F.FAIRY,CANDLE IN GLASS,LAVENDER",2,3,12.75
"VINTAGE METAL CAKE STAND CREAM ",1,1,12.75
"EMBOSSED FLOWER TRELLIS PHOTO FRAME",3,5,12.75
"NEW BAROQUE WALL MIRROR",1,1,12.75
"BLUE WHITE PLASTIC RINGS LAMPSHADE",6,15,12.75
"CAMOUFLAGUE DOG LEAD",1,1,12.72
"KEY-RING CORKSCREW",1,1,12.72
"SET OF 2 CHESTS CHOCOLAT AU LAIT",1,1,12.72
"PURPLE CURRENT CANDLE RING",2,31,12.61
"BLUE FLORIBUNDA EGG WARMER",5,10,12.50
"ORANGE FELT VASE + FLOWERS",5,10,12.50
"MARIE ANTOIENETT TRINKET BOX GOLD",1,1,12.50
"FEATHER DUSTER, LIGHT PINK",6,10,12.50
"SET 10 CARDS CHRISTMAS HOLLY  17259",3,3,12.48
"SET 10 CARD SNOWMAN 16965",4,5,12.45
"OPAL WHITE/SILVER FLOWER NECKLACE",2,2,12.32
"LILAC FEATHERS CURTAIN",2,14,11.98
"MUG , DOTCOMGIFTSHOP.COM ",10,14,11.82
"DUCK SOCK PUPPET",2,4,11.80
"SET 10 CARDS 12 DAYS OF XMAS 17059",1,4,11.64
"SET 10 CARDS RUDOLPHS NOSE 17097",3,4,11.64
"MODERN CHRISTMAS TREE CANDLE",3,6,11.40
"BAROQUE BUTTERFLY EARRINGS RED",3,3,11.29
"ENGLISH ROSE SQUARE CAKE TINS",1,1,11.26
"VENDETTA CANVAS PICTURE",3,3,11.25
"FOOD COVER WITH BEADS , SET 2 SIZES",1,3,11.25
"FLOWER DES BLUE HANDBAG/ORANG HANDL",2,3,11.25
"ORIGAMI JASMINE INCENSE+FLOWER ",2,19,11.10
"S/4 CONTEMPORY RED ROSEBUD CANDLES",3,9,10.90
"CUTE RABBIT CEATURE SCREEN ",6,15,10.89
"WRAP ROMANTIC DECOUPAGE",1,25,10.50
"MOON INCENSE",2,50,10.50
"WRAP CHRISTMAS DECOUPAGE",1,25,10.50
"WOODLAND CREATURES  WRAP",1,25,10.50
"WRAPPING PAPER, XMAS VILLAGE",1,25,10.50
"HIGH SCHOOL MUSICAL 3 TOP TRUMPS ",2,2,10.23
"STAR WARS TOP TRUMPS GAME",2,2,10.23
"HEART MEASURING SPOONS SMALL",1,12,10.20
"PARTY PIZZA DISH RED+WHITE SPOT ",1,12,10.20
"ORANGE CANDLE",1,12,10.20
"PARTY PIZZA DISH GREEN+WHITE SPOT ",1,12,10.20
"LETTER ""W"" BLING KEY RING",8,19,10.17
"ZINC STAR T-LIGHT HOLDER ",1,8,10.00
"SET 10 CARDS FILIGREE BAUBLE 16961",4,4,9.96
"SET 10 CARD PERFECT NATIVITY 17089",4,4,9.96
"SET 10 CARDS PRINTED GRAPHIC 17219",4,4,9.96
"SET 10 CARDS POINSETTIA 17093",2,4,9.96
"ROUND ARTICULATED PINK CLOCK W/SUCK",6,33,9.57
"SILVER WINE GOBLET",1,2,9.30
"HAND PAINTED HANGING EASTER EGG",3,22,9.24
"SCULPTED ROUND IVORY CANDLE ",5,44,9.24
"PINK STRIPES SHOULDER BAG",3,3,8.85
"BLUE PORCELAIN B'FLY OIL BURNER",3,3,8.85
"WHITE CHRISTMAS TREE 60CM",3,3,8.85
"A4 WALL TIDY RED FLOWERS",6,15,8.67
"SPOTTY CAT DOORSTOP ",1,1,8.65
"*USB Office Glitter Lamp",1,1,8.65
"AMBER VINTAGE EARRINGS ",2,2,8.57
"6 HOOK JEWEL STAND LILAC DRESS",1,1,8.49
"BLUE BERTIE MOBILE PHONE CHARM",3,3,8.48
"BLUE HIBISCUS  HAIR CLIP",6,8,8.40
"BLUE CRUSOE CHECK LAMPSHADE",6,20,8.40
"SET 10 MINICARDS CUTE SNOWMAN 17071",2,5,8.30
"BLUE FAIRY CAKE CHILDRENS APRON",4,4,7.80
"PINK CANVAS DES CUSHION COVER ",2,6,7.50
"SET/6 GINGERBREAD TREE T-LIGHTS",4,6,7.50
"FUNKY FLOWER COFFEE POT",1,2,7.50
"BAROQUE BUTTERFLY EARRINGS BLACK",2,2,7.50
"BATHROOM SCALES, FAG BREAK",2,2,7.50
"SET 10 CARDS WORLD CHILDREN 17067",3,3,7.47
"HAPPY BIRTHDAY CARD STRIPEY TEDDY",8,39,7.41
"HAND OPEN SHAPE PINK",2,2,6.98
"VANILLA SCENTED VOTIVE CANDLE",1,24,6.96
"ROSE SCENTED VOTIVE CANDLE",1,24,6.96
"ASSORTED DESIGN FLOWER MUGS",3,8,6.80
"BISCUIT TIN, MINT,IVORY, VINTAGE",1,1,6.75
"ENGLISH ROSE TEA FOR ONE GIFT BOX",1,1,6.75
"DOOR MAT BLUE FLOCK",1,1,6.75
"SET 10 MINI SANTA & SNOWMAN  17087",2,4,6.64
"SILVER PURSE GOLD PINK BUTTERFLY",1,4,6.60
"LARGE BLACK DIAMANTE HAIRSLIDE",1,4,6.60
"ASS WINDPROOF MARIJUANA LIGHTERS",2,15,6.30
"SCOTTIE DOGS CHILDRENS OVERALL",1,3,6.30
"MODERN CHRISTMAS TREE CANDLE ",3,3,6.30
"ASSORTED DESIGN GEISHA GIRL MUGS",1,5,6.25
"STRAWBERRIES PRINT BOWL",2,5,6.25
"WHITE WOOD SINGLE P/FRAME",3,5,6.25
"SET 10 CARDS CHRISTMAS ROBIN 17095",3,3,6.24
"ZINC HANGING HEART T-LITE HLDR",1,1,6.04
"F.FAIRY S/3 SML CANDLE,LILY/VALLEY",1,1,5.95
"F.FAIRY S/3 SML CANDLE, LAVENDER",1,1,5.95
"KISSING REINDEER TABLE RUNNER",1,1,5.95
"F.FAIRY S/3 SML CANDLE, ROSE",1,1,5.95
"JEWELLED DECORATION,PINK",2,2,5.90
"ACRYLIC BEAD GARLAND,PINK",2,2,5.90
"WHITE ROHMBIC BLOCK TABLE LAMP",1,2,5.90
"GLASS JAR, ENGLISH CONFECTIONERY",1,2,5.90
"PINK PORCELAIN B'FLY OIL BURNER",2,2,5.90
"GOLD M.O.P. ORBIT NECKLACE",2,2,5.90
"PINK BEADED CONE CHRISTMAS",2,14,5.88
"BUNNY BUNCH OF FLOWERS",2,14,5.88
"HEN HOUSE WITH CHICK STANDING",3,14,5.88
"FAIRY DESIGN MUGS",2,3,5.86
"SET 10 CARD CHRISTMAS STAMPS 16963",1,2,5.82
"SET 10 CARDS SWIRLY XMAS TREE 17104",1,2,5.82
"SET 10 CARDS ROBIN WATERPUMP  17096",2,2,5.82
"SET 10 CARDS HANGING BAUBLES 17080",2,2,5.48
"CANDLE RING W/CLEAR BEADS",3,13,5.46
"DADDY MOUSE RED GINGHAM BOW TIE",1,1,5.45
"PINK CURRENT CANDLE RING",1,28,5.32
"FOLDING CAMPING SCISSOR W/KNIF & S",4,44,5.28
"FUNKY GIRLZ MAGNETIC TO DO LIST ",3,8,5.20
"DR WHO TOP TRUMPS GAME",1,1,5.17
"EURO FOOTBALL STARS TOP TRUMPS GAME",1,1,5.17
"BLACK RND BULLET""KEEP CLEAN"" BIN",2,2,5.10
"ANGEL ON KNEES METAL POLE 100CM H",1,6,5.10
"ROSE PINK PENDANT SHELL NECKLACE",1,1,5.09
"IVORY PENDANT SHELL NECKLACE",1,1,5.09
"KASHMIR FOLKART HEART DISHES",3,3,5.07
"LARGE WHITE CHOCOLATE CANDLE",1,1,5.06
"HAYNES MINI-COOPER PLAYING CARDS",1,1,5.06
"SILICON CUBE 25W, BLUE",2,12,5.04
"MODERN CHRISTMAS BAUBLE CANDLE ",5,12,5.04
"SET 10 CARDS DECK THE HALLS 16960",2,2,4.98
"CERAMIC CAKE TEAPOT WITH CHERRY",1,1,4.95
"RUSSIAN FOLKART STACKING TINS",1,1,4.95
"RED HEART CANDY POP LIGHTS",1,1,4.95
"LETTER ""U"" BLING KEY RING",2,13,4.73
"FOLDING SHIRT TIDY",1,1,4.65
"FLOWER PURPLE CLOCK WITH SUCKER",3,16,4.64
"PINK ACRYLIC JEWEL SNOWFLAKE",1,12,4.56
"SPOTTY COCKEREL DOORSTOP",1,1,4.25
"UBO-LIGHT TRIOBASE PURPLE",3,5,4.25
"UBO-LIGHT TRIOBASE BLUE",3,5,4.25
"F.FAIRY,CANDLE IN GLASS,LILY/VALLEY",1,1,4.25
"PINK GLASS COCKTAIL LAMP",2,2,4.20
" I LOVE LONDON MINI RUCKSACK",1,1,4.15
"CHOCOLATE ICE CREAM CANDLE",1,2,3.90
"MUG PINK AND PURPLE ARABIC DESIGN",1,6,3.90
"SET/6 BLACK GLITTER REINDEER CANDLE",5,5,3.78
"JADE GREEN PAIR ENAMEL HAIR SLIDES",1,1,3.75
"S/6 CHRISTMAS TREE PLACE SETTING",1,1,3.75
"PINK BUTTERFLY PAPER LAMPSHADE",3,3,3.75
"3 BIRDS CANVAS SCREEN",3,3,3.69
"ACRYLIC JEWEL ICICLE, CLEAR ",1,1,3.43
"SET/20 POSIES PAPER NAPKINS",4,4,3.40
"SET 10 CARDS CHRISTMAS BAUBLE 16954",1,1,3.33
"RAIN GIRL CHILDS UMBRELLA",1,1,3.25
"BOX OF 3 PEBBLE CANDLES",1,1,2.95
"FEATHER HEART LIGHTS",1,1,2.95
"SET 10 CARDS 3 WISE MEN 17107",1,1,2.91
"SET 10 CARDS SNOWY ROBIN 17099",1,1,2.91
"SET 10 CARDS TRIANGLE ICONS  17220",1,1,2.91
"HANDZ-OFF CAR FRESHENER",1,1,2.57
"S/2 HYACINTH BULB CANDLES",1,1,2.55
"S/6 SCANDINAVIAN HEART T-LIGHT",1,1,2.55
"SET/2 SPOTTY + ROSE TEA TOWELS ",1,1,2.55
"ROUND ARTICULATED BLUE CLOCK W/SUCK",3,3,2.55
"SET/2 TEA TOWELS MODERN VINTAGE",1,1,2.55
"VINTAGE DESIGN GIFT TAGS",2,3,2.55
"CRYSTAL DRAGONFLY PHONE CHARM",2,3,2.55
"S/3 COLOURS FLOCK TEA TOWELS",1,1,2.55
"ENGLISH ROSE DESIGN SHOPPING BAG",1,1,2.55
"INCENSE BAZAAR PEACH",1,6,2.52
"ETCHED GLASS HEART TREE DECORATION",1,1,2.51
"ROAD-RAGE CAR FRESHENER",1,1,2.51
"LARGE SPOTTY CHOCOLATE GIFT BAG",1,2,2.50
"POCKET MIRROR BUTTERFLY ",2,2,2.50
"BLUE BEADS+HAND PHONE CHARM",2,2,2.50
"ASSORTED SHAPED STENCIL FOR HENNA",1,52,2.08
"HANGING SPRING FLOWER HEART SMALL",2,3,1.95
"GOLD CHRISTMAS STOCKING DECORATION",1,1,1.95
"GREEN CHENILLE SHAGGY C/COVER",1,1,1.95
"HEXAGONAL CRYSTAL PERFUME BOTTLE",1,1,1.95
"CIRCUS PARADE LUNCHBOX ",1,1,1.95
"LUNCHBOX I LOVE LONDON",1,1,1.95
"CHAMPAGNE TRAY BLANK CARD",4,10,1.90
"HAPPY BIRTHDAY CARD TEDDY/CAKE",3,10,1.90
"ASSORTED FRUIT STRAWS",1,1,1.70
"RED MINI TAPE MEASURE ",1,1,1.70
"SET OF SIX SILVER+RED FLOCK BAUBLES",1,2,1.70
"F FAIRY POTPOURRI CUSHIONS SUMMER",1,1,1.69
"BENDY COLOUR PENCILS",1,4,1.68
"FLOWER SHOP DESIGN MUG",1,1,1.65
"CRYSTAL SMALL JEWELLED PHOTOFRAME",1,1,1.65
"S/3 ROSE GARDEN SCENT SQU CANDLE",1,1,1.65
"SWALLOW SMALL TUBE MATCHES",1,1,1.65
"RED TOP SCANDINAVIAN HEART ",2,4,1.52
"SET 36 COLOURING PENCILS DOILEY",1,1,1.25
"FOLKART HEART CHRISTMAS DECORATIONS",1,1,1.25
"HOLLYHOCK SQUARE HANDY TIN",1,1,1.25
"WHITE SCANDINAVIAN HEART CHRISTMAS",1,1,1.25
"CAT WITH SUNGLASSES BLANK CARD",1,5,0.95
"OWLS CHARLOTTE BAG",1,1,0.85
"CAT W SUNGLASSES BLANK CARD",1,4,0.76
"SET 12 COLOURING PENCILS DOILEY",1,1,0.65
"PINK HEART CHRISTMAS DECORATION",1,1,0.38
"HAPPY BIRTHDAY GINGER CAT CARD",1,2,0.38
